Student ID,Student Name,Subject,Subject Code,Attempt,Marks,Grade
1,AADESH S,Mathematics,MATH101,1,66,B
1,AADESH S,Python,PY102,1,41,E
1,AADESH S,Machine Learning,ML103,1,81,A
1,AADESH S,English,GP104,1,90,S
1,AADESH S,Database,CS105,1,72,B
2,AATHISANKARAN N,Mathematics,MATH101,1,77,A
2,AATHISANKARAN N,Python,PY102,1,37,E
2,AATHISANKARAN N,Machine Learning,ML103,1,85,S
2,AATHISANKARAN N,English,GP104,1,41,E
2,AATHISANKARAN N,Database,CS105,1,32,F
2,AATHISANKARAN N,Database,CS105,2,44,E
3,ABINAYA R V E,Mathematics,MATH101,1,37,E
3,ABINAYA R V E,Python,PY102,1,75,A
3,ABINAYA R V E,Machine Learning,ML103,1,45,D
3,ABINAYA R V E,English,GP104,1,80,A
3,ABINAYA R V E,Database,CS105,1,37,E
4,ABINAYASHRI S,Mathematics,MATH101,1,52,D
4,ABINAYASHRI S,Python,PY102,1,45,D
4,ABINAYASHRI S,Machine Learning,ML103,1,66,B
4,ABINAYASHRI S,English,GP104,1,34,F
4,ABINAYASHRI S,English,GP104,2,45,D
4,ABINAYASHRI S,Database,CS105,1,73,B
5,ABIRAMI A,Mathematics,MATH101,1,35,E
5,ABIRAMI A,Python,PY102,1,37,E
5,ABIRAMI A,Machine Learning,ML103,1,43,E
5,ABIRAMI A,English,GP104,1,65,B
5,ABIRAMI A,Database,CS105,1,97,S
6,AJAY A,Mathematics,MATH101,1,82,A
6,AJAY A,Python,PY102,1,38,E
6,AJAY A,Machine Learning,ML103,1,60,C
6,AJAY A,English,GP104,1,44,E
6,AJAY A,Database,CS105,1,54,D
7,AMIRTHA V,Mathematics,MATH101,1,55,C
7,AMIRTHA V,Python,PY102,1,54,D
7,AMIRTHA V,Machine Learning,ML103,1,56,C
7,AMIRTHA V,English,GP104,1,65,B
7,AMIRTHA V,Database,CS105,1,65,B
8,AMUDAISHWARIYAN V,Mathematics,MATH101,1,76,A
8,AMUDAISHWARIYAN V,Python,PY102,1,77,A
8,AMUDAISHWARIYAN V,Machine Learning,ML103,1,82,A
8,AMUDAISHWARIYAN V,English,GP104,1,80,A
8,AMUDAISHWARIYAN V,Database,CS105,1,50,D
9,ANANDHI M,Mathematics,MATH101,1,38,E
9,ANANDHI M,Python,PY102,1,49,D
9,ANANDHI M,Machine Learning,ML103,1,39,E
9,ANANDHI M,English,GP104,1,38,E
9,ANANDHI M,Database,CS105,1,79,A
10,ANURAGA,Mathematics,MATH101,1,42,E
10,ANURAGA,Python,PY102,1,93,S
10,ANURAGA,Machine Learning,ML103,1,97,S
10,ANURAGA,English,GP104,1,43,E
10,ANURAGA,Database,CS105,1,54,D
11,APARNAA R,Mathematics,MATH101,1,78,A
11,APARNAA R,Python,PY102,1,82,A
11,APARNAA R,Machine Learning,ML103,1,49,D
11,APARNAA R,English,GP104,1,33,F
11,APARNAA R,English,GP104,2,41,E
11,APARNAA R,Database,CS105,1,81,A
12,ARAVIND KUMAR V,Mathematics,MATH101,1,32,F
12,ARAVIND KUMAR V,Mathematics,MATH101,2,39,E
12,ARAVIND KUMAR V,Python,PY102,1,81,A
12,ARAVIND KUMAR V,Machine Learning,ML103,1,37,E
12,ARAVIND KUMAR V,English,GP104,1,83,A
12,ARAVIND KUMAR V,Database,CS105,1,92,S
13,ARAVINTH S,Mathematics,MATH101,1,96,S
13,ARAVINTH S,Python,PY102,1,64,C
13,ARAVINTH S,Machine Learning,ML103,1,82,A
13,ARAVINTH S,English,GP104,1,34,F
13,ARAVINTH S,English,GP104,2,47,D
13,ARAVINTH S,Database,CS105,1,87,S
14,ARTHI R,Mathematics,MATH101,1,39,E
14,ARTHI R,Python,PY102,1,38,E
14,ARTHI R,Machine Learning,ML103,1,90,S
14,ARTHI R,English,GP104,1,43,E
14,ARTHI R,Database,CS105,1,35,E
15,ARUN KUMARAN A,Mathematics,MATH101,1,95,S
15,ARUN KUMARAN A,Python,PY102,1,73,B
15,ARUN KUMARAN A,Machine Learning,ML103,1,96,S
15,ARUN KUMARAN A,English,GP104,1,30,F
15,ARUN KUMARAN A,English,GP104,2,43,E
15,ARUN KUMARAN A,Database,CS105,1,48,D
16,ASWINI P,Mathematics,MATH101,1,74,B
16,ASWINI P,Python,PY102,1,35,E
16,ASWINI P,Machine Learning,ML103,1,99,S
16,ASWINI P,English,GP104,1,31,F
16,ASWINI P,English,GP104,2,46,D
16,ASWINI P,Database,CS105,1,62,C
17,BHUMIKA K,Mathematics,MATH101,1,82,A
17,BHUMIKA K,Python,PY102,1,66,B
17,BHUMIKA K,Machine Learning,ML103,1,87,S
17,BHUMIKA K,English,GP104,1,95,S
17,BHUMIKA K,Database,CS105,1,58,C
18,BHUVANESHWARAN  G,Mathematics,MATH101,1,76,A
18,BHUVANESHWARAN  G,Python,PY102,1,89,S
18,BHUVANESHWARAN  G,Machine Learning,ML103,1,55,C
18,BHUVANESHWARAN  G,English,GP104,1,45,D
18,BHUVANESHWARAN  G,Database,CS105,1,97,S
19,CHANDIYA C,Mathematics,MATH101,1,62,C
19,CHANDIYA C,Python,PY102,1,77,A
19,CHANDIYA C,Machine Learning,ML103,1,67,B
19,CHANDIYA C,English,GP104,1,82,A
19,CHANDIYA C,Database,CS105,1,36,E
20,DANALAKSHMIDEVI GANDHI I,Mathematics,MATH101,1,31,F
20,DANALAKSHMIDEVI GANDHI I,Mathematics,MATH101,2,42,E
20,DANALAKSHMIDEVI GANDHI I,Python,PY102,1,31,F
20,DANALAKSHMIDEVI GANDHI I,Python,PY102,2,44,E
20,DANALAKSHMIDEVI GANDHI I,Machine Learning,ML103,1,63,C
20,DANALAKSHMIDEVI GANDHI I,English,GP104,1,54,D
20,DANALAKSHMIDEVI GANDHI I,Database,CS105,1,53,D
21,DEVA KIRUBAKARAN A,Mathematics,MATH101,1,71,B
21,DEVA KIRUBAKARAN A,Python,PY102,1,30,F
21,DEVA KIRUBAKARAN A,Python,PY102,2,35,E
21,DEVA KIRUBAKARAN A,Machine Learning,ML103,1,62,C
21,DEVA KIRUBAKARAN A,English,GP104,1,92,S
21,DEVA KIRUBAKARAN A,Database,CS105,1,42,E
22,DHANUSSREE B,Mathematics,MATH101,1,34,F
22,DHANUSSREE B,Mathematics,MATH101,2,47,D
22,DHANUSSREE B,Python,PY102,1,100,S
22,DHANUSSREE B,Machine Learning,ML103,1,53,D
22,DHANUSSREE B,English,GP104,1,55,C
22,DHANUSSREE B,Database,CS105,1,40,E
23,DHAYANIDHI K,Mathematics,MATH101,1,84,A
23,DHAYANIDHI K,Python,PY102,1,88,S
23,DHAYANIDHI K,Machine Learning,ML103,1,80,A
23,DHAYANIDHI K,English,GP104,1,66,B
23,DHAYANIDHI K,Database,CS105,1,73,B
24,DHINESHKUMAR G,Mathematics,MATH101,1,75,A
24,DHINESHKUMAR G,Python,PY102,1,69,B
24,DHINESHKUMAR G,Machine Learning,ML103,1,39,E
24,DHINESHKUMAR G,English,GP104,1,69,B
24,DHINESHKUMAR G,Database,CS105,1,100,S
25,DINESH KARTHIK R,Mathematics,MATH101,1,38,E
25,DINESH KARTHIK R,Python,PY102,1,81,A
25,DINESH KARTHIK R,Machine Learning,ML103,1,49,D
25,DINESH KARTHIK R,English,GP104,1,95,S
25,DINESH KARTHIK R,Database,CS105,1,74,B
26,DINESH KUMAR S,Mathematics,MATH101,1,73,B
26,DINESH KUMAR S,Python,PY102,1,52,D
26,DINESH KUMAR S,Machine Learning,ML103,1,35,E
26,DINESH KUMAR S,English,GP104,1,52,D
26,DINESH KUMAR S,Database,CS105,1,37,E
27,DOMINIC FRANCIS E,Mathematics,MATH101,1,91,S
27,DOMINIC FRANCIS E,Python,PY102,1,30,F
27,DOMINIC FRANCIS E,Python,PY102,2,44,E
27,DOMINIC FRANCIS E,Machine Learning,ML103,1,35,E
27,DOMINIC FRANCIS E,English,GP104,1,49,D
27,DOMINIC FRANCIS E,Database,CS105,1,86,S
28,DRAVID V,Mathematics,MATH101,1,38,E
28,DRAVID V,Python,PY102,1,34,F
28,DRAVID V,Python,PY102,2,42,E
28,DRAVID V,Machine Learning,ML103,1,73,B
28,DRAVID V,English,GP104,1,97,S
28,DRAVID V,Database,CS105,1,77,A
29,EATHAN BALA B,Mathematics,MATH101,1,44,E
29,EATHAN BALA B,Python,PY102,1,91,S
29,EATHAN BALA B,Machine Learning,ML103,1,36,E
29,EATHAN BALA B,English,GP104,1,33,F
29,EATHAN BALA B,English,GP104,2,42,E
29,EATHAN BALA B,Database,CS105,1,98,S
30,FAAHIMA K,Mathematics,MATH101,1,52,D
30,FAAHIMA K,Python,PY102,1,58,C
30,FAAHIMA K,Machine Learning,ML103,1,94,S
30,FAAHIMA K,English,GP104,1,47,D
30,FAAHIMA K,Database,CS105,1,66,B
31,FARHAN M,Mathematics,MATH101,1,66,B
31,FARHAN M,Python,PY102,1,63,C
31,FARHAN M,Machine Learning,ML103,1,48,D
31,FARHAN M,English,GP104,1,65,B
31,FARHAN M,Database,CS105,1,34,F
31,FARHAN M,Database,CS105,2,47,D
32,GOKULAN V,Mathematics,MATH101,1,65,B
32,GOKULAN V,Python,PY102,1,33,F
32,GOKULAN V,Python,PY102,2,43,E
32,GOKULAN V,Machine Learning,ML103,1,55,C
32,GOKULAN V,English,GP104,1,34,F
32,GOKULAN V,English,GP104,2,47,D
32,GOKULAN V,Database,CS105,1,77,A
33,GOKULANJALI M,Mathematics,MATH101,1,60,C
33,GOKULANJALI M,Python,PY102,1,73,B
33,GOKULANJALI M,Machine Learning,ML103,1,33,F
33,GOKULANJALI M,Machine Learning,ML103,2,42,E
33,GOKULANJALI M,English,GP104,1,59,C
33,GOKULANJALI M,Database,CS105,1,85,S
34,GOKULAVASAN S,Mathematics,MATH101,1,53,D
34,GOKULAVASAN S,Python,PY102,1,96,S
34,GOKULAVASAN S,Machine Learning,ML103,1,38,E
34,GOKULAVASAN S,English,GP104,1,48,D
34,GOKULAVASAN S,Database,CS105,1,80,A
35,HARESH G,Mathematics,MATH101,1,69,B
35,HARESH G,Python,PY102,1,37,E
35,HARESH G,Machine Learning,ML103,1,71,B
35,HARESH G,English,GP104,1,40,E
35,HARESH G,Database,CS105,1,42,E
36,HARINI R,Mathematics,MATH101,1,58,C
36,HARINI R,Python,PY102,1,37,E
36,HARINI R,Machine Learning,ML103,1,65,B
36,HARINI R,English,GP104,1,61,C
36,HARINI R,Database,CS105,1,52,D
37,HEMA PRIYA R,Mathematics,MATH101,1,67,B
37,HEMA PRIYA R,Python,PY102,1,52,D
37,HEMA PRIYA R,Machine Learning,ML103,1,57,C
37,HEMA PRIYA R,English,GP104,1,64,C
37,HEMA PRIYA R,Database,CS105,1,72,B
38,ILAKIYA S,Mathematics,MATH101,1,35,E
38,ILAKIYA S,Python,PY102,1,84,A
38,ILAKIYA S,Machine Learning,ML103,1,84,A
38,ILAKIYA S,English,GP104,1,75,A
38,ILAKIYA S,Database,CS105,1,90,S
39,IYYAPPAN A,Mathematics,MATH101,1,61,C
39,IYYAPPAN A,Python,PY102,1,78,A
39,IYYAPPAN A,Machine Learning,ML103,1,81,A
39,IYYAPPAN A,English,GP104,1,82,A
39,IYYAPPAN A,Database,CS105,1,59,C
40,JAGADEESH K,Mathematics,MATH101,1,58,C
40,JAGADEESH K,Python,PY102,1,49,D
40,JAGADEESH K,Machine Learning,ML103,1,44,E
40,JAGADEESH K,English,GP104,1,83,A
40,JAGADEESH K,Database,CS105,1,41,E
41,JALUM DHINESH,Mathematics,MATH101,1,33,F
41,JALUM DHINESH,Mathematics,MATH101,2,41,E
41,JALUM DHINESH,Python,PY102,1,66,B
41,JALUM DHINESH,Machine Learning,ML103,1,36,E
41,JALUM DHINESH,English,GP104,1,50,D
41,JALUM DHINESH,Database,CS105,1,59,C
42,JAYAGUNALAN J,Mathematics,MATH101,1,42,E
42,JAYAGUNALAN J,Python,PY102,1,36,E
42,JAYAGUNALAN J,Machine Learning,ML103,1,87,S
42,JAYAGUNALAN J,English,GP104,1,70,B
42,JAYAGUNALAN J,Database,CS105,1,63,C
43,JEEVETHA S,Mathematics,MATH101,1,45,D
43,JEEVETHA S,Python,PY102,1,45,D
43,JEEVETHA S,Machine Learning,ML103,1,94,S
43,JEEVETHA S,English,GP104,1,83,A
43,JEEVETHA S,Database,CS105,1,92,S
44,JEGATHA  P,Mathematics,MATH101,1,63,C
44,JEGATHA  P,Python,PY102,1,37,E
44,JEGATHA  P,Machine Learning,ML103,1,100,S
44,JEGATHA  P,English,GP104,1,36,E
44,JEGATHA  P,Database,CS105,1,60,C
45,KALAISELVAM M,Mathematics,MATH101,1,70,B
45,KALAISELVAM M,Python,PY102,1,46,D
45,KALAISELVAM M,Machine Learning,ML103,1,53,D
45,KALAISELVAM M,English,GP104,1,99,S
45,KALAISELVAM M,Database,CS105,1,65,B
46,KAMALESH M,Mathematics,MATH101,1,87,S
46,KAMALESH M,Python,PY102,1,39,E
46,KAMALESH M,Machine Learning,ML103,1,51,D
46,KAMALESH M,English,GP104,1,55,C
46,KAMALESH M,Database,CS105,1,74,B
47,KANNAN S,Mathematics,MATH101,1,62,C
47,KANNAN S,Python,PY102,1,90,S
47,KANNAN S,Machine Learning,ML103,1,88,S
47,KANNAN S,English,GP104,1,82,A
47,KANNAN S,Database,CS105,1,90,S
48,KARTHIKEYAN P,Mathematics,MATH101,1,34,F
48,KARTHIKEYAN P,Mathematics,MATH101,2,42,E
48,KARTHIKEYAN P,Python,PY102,1,94,S
48,KARTHIKEYAN P,Machine Learning,ML103,1,85,S
48,KARTHIKEYAN P,English,GP104,1,58,C
48,KARTHIKEYAN P,Database,CS105,1,72,B
49,KATHIROLI B,Mathematics,MATH101,1,57,C
49,KATHIROLI B,Python,PY102,1,51,D
49,KATHIROLI B,Machine Learning,ML103,1,69,B
49,KATHIROLI B,English,GP104,1,64,C
49,KATHIROLI B,Database,CS105,1,33,F
49,KATHIROLI B,Database,CS105,2,38,E
50,KAVESH V,Mathematics,MATH101,1,61,C
50,KAVESH V,Python,PY102,1,40,E
50,KAVESH V,Machine Learning,ML103,1,89,S
50,KAVESH V,English,GP104,1,33,F
50,KAVESH V,English,GP104,2,45,D
50,KAVESH V,Database,CS105,1,71,B
51,KEERTHANA R,Mathematics,MATH101,1,85,S
51,KEERTHANA R,Python,PY102,1,77,A
51,KEERTHANA R,Machine Learning,ML103,1,88,S
51,KEERTHANA R,English,GP104,1,33,F
51,KEERTHANA R,English,GP104,2,45,D
51,KEERTHANA R,Database,CS105,1,75,A
52,KEERTHANA A,Mathematics,MATH101,1,59,C
52,KEERTHANA A,Python,PY102,1,71,B
52,KEERTHANA A,Machine Learning,ML103,1,31,F
52,KEERTHANA A,Machine Learning,ML103,2,38,E
52,KEERTHANA A,English,GP104,1,63,C
52,KEERTHANA A,Database,CS105,1,60,C
53,KEERTHIVAASAN V,Mathematics,MATH101,1,92,S
53,KEERTHIVAASAN V,Python,PY102,1,60,C
53,KEERTHIVAASAN V,Machine Learning,ML103,1,69,B
53,KEERTHIVAASAN V,English,GP104,1,61,C
53,KEERTHIVAASAN V,Database,CS105,1,46,D
54,KIRUBA P,Mathematics,MATH101,1,56,C
54,KIRUBA P,Python,PY102,1,60,C
54,KIRUBA P,Machine Learning,ML103,1,84,A
54,KIRUBA P,English,GP104,1,31,F
54,KIRUBA P,English,GP104,2,46,D
54,KIRUBA P,Database,CS105,1,87,S
55,KRISHNA KUMAR I,Mathematics,MATH101,1,91,S
55,KRISHNA KUMAR I,Python,PY102,1,51,D
55,KRISHNA KUMAR I,Machine Learning,ML103,1,58,C
55,KRISHNA KUMAR I,English,GP104,1,81,A
55,KRISHNA KUMAR I,Database,CS105,1,73,B
56,KUBERAN M,Mathematics,MATH101,1,56,C
56,KUBERAN M,Python,PY102,1,74,B
56,KUBERAN M,Machine Learning,ML103,1,74,B
56,KUBERAN M,English,GP104,1,93,S
56,KUBERAN M,Database,CS105,1,91,S
57,LAVANYA P,Mathematics,MATH101,1,81,A
57,LAVANYA P,Python,PY102,1,99,S
57,LAVANYA P,Machine Learning,ML103,1,100,S
57,LAVANYA P,English,GP104,1,87,S
57,LAVANYA P,Database,CS105,1,46,D
58,LECKHASRI K,Mathematics,MATH101,1,84,A
58,LECKHASRI K,Python,PY102,1,52,D
58,LECKHASRI K,Machine Learning,ML103,1,98,S
58,LECKHASRI K,English,GP104,1,61,C
58,LECKHASRI K,Database,CS105,1,91,S
59,LISHANTHIGA K,Mathematics,MATH101,1,90,S
59,LISHANTHIGA K,Python,PY102,1,31,F
59,LISHANTHIGA K,Python,PY102,2,38,E
59,LISHANTHIGA K,Machine Learning,ML103,1,77,A
59,LISHANTHIGA K,English,GP104,1,32,F
59,LISHANTHIGA K,English,GP104,2,42,E
59,LISHANTHIGA K,Database,CS105,1,40,E
60,LOKESH P,Mathematics,MATH101,1,88,S
60,LOKESH P,Python,PY102,1,55,C
60,LOKESH P,Machine Learning,ML103,1,35,E
60,LOKESH P,English,GP104,1,86,S
60,LOKESH P,Database,CS105,1,40,E
61,MAHESH KUMAR K,Mathematics,MATH101,1,100,S
61,MAHESH KUMAR K,Python,PY102,1,78,A
61,MAHESH KUMAR K,Machine Learning,ML103,1,95,S
61,MAHESH KUMAR K,English,GP104,1,90,S
61,MAHESH KUMAR K,Database,CS105,1,56,C
62,MOGAN G,Mathematics,MATH101,1,86,S
62,MOGAN G,Python,PY102,1,43,E
62,MOGAN G,Machine Learning,ML103,1,43,E
62,MOGAN G,English,GP104,1,55,C
62,MOGAN G,Database,CS105,1,59,C
63,MOGESH K ,Mathematics,MATH101,1,87,S
63,MOGESH K ,Python,PY102,1,46,D
63,MOGESH K ,Machine Learning,ML103,1,52,D
63,MOGESH K ,English,GP104,1,31,F
63,MOGESH K ,English,GP104,2,43,E
63,MOGESH K ,Database,CS105,1,95,S
64,MUJAHID GHOUSE MOHAMED,Mathematics,MATH101,1,36,E
64,MUJAHID GHOUSE MOHAMED,Python,PY102,1,50,D
64,MUJAHID GHOUSE MOHAMED,Machine Learning,ML103,1,53,D
64,MUJAHID GHOUSE MOHAMED,English,GP104,1,51,D
64,MUJAHID GHOUSE MOHAMED,Database,CS105,1,69,B
65,MUNESHWARAN S,Mathematics,MATH101,1,87,S
65,MUNESHWARAN S,Python,PY102,1,52,D
65,MUNESHWARAN S,Machine Learning,ML103,1,61,C
65,MUNESHWARAN S,English,GP104,1,67,B
65,MUNESHWARAN S,Database,CS105,1,62,C
66,NITHIAN M,Mathematics,MATH101,1,77,A
66,NITHIAN M,Python,PY102,1,41,E
66,NITHIAN M,Machine Learning,ML103,1,67,B
66,NITHIAN M,English,GP104,1,48,D
66,NITHIAN M,Database,CS105,1,50,D
67,NITHIN V,Mathematics,MATH101,1,46,D
67,NITHIN V,Python,PY102,1,50,D
67,NITHIN V,Machine Learning,ML103,1,86,S
67,NITHIN V,English,GP104,1,49,D
67,NITHIN V,Database,CS105,1,33,F
67,NITHIN V,Database,CS105,2,40,E
68,NITHISH P,Mathematics,MATH101,1,78,A
68,NITHISH P,Python,PY102,1,34,F
68,NITHISH P,Python,PY102,2,42,E
68,NITHISH P,Machine Learning,ML103,1,53,D
68,NITHISH P,English,GP104,1,51,D
68,NITHISH P,Database,CS105,1,93,S
69,NITHISHVARAN S,Mathematics,MATH101,1,32,F
69,NITHISHVARAN S,Mathematics,MATH101,2,46,D
69,NITHISHVARAN S,Python,PY102,1,79,A
69,NITHISHVARAN S,Machine Learning,ML103,1,64,C
69,NITHISHVARAN S,English,GP104,1,73,B
69,NITHISHVARAN S,Database,CS105,1,53,D
70,NITHIYA GOKULA VASAKI K,Mathematics,MATH101,1,87,S
70,NITHIYA GOKULA VASAKI K,Python,PY102,1,59,C
70,NITHIYA GOKULA VASAKI K,Machine Learning,ML103,1,62,C
70,NITHIYA GOKULA VASAKI K,English,GP104,1,68,B
70,NITHIYA GOKULA VASAKI K,Database,CS105,1,31,F
70,NITHIYA GOKULA VASAKI K,Database,CS105,2,43,E
71,PAVITHRA R,Mathematics,MATH101,1,45,D
71,PAVITHRA R,Python,PY102,1,30,F
71,PAVITHRA R,Python,PY102,2,39,E
71,PAVITHRA R,Machine Learning,ML103,1,88,S
71,PAVITHRA R,English,GP104,1,32,F
71,PAVITHRA R,English,GP104,2,41,E
71,PAVITHRA R,Database,CS105,1,83,A
72,PRATHIYUKSHA JAGANATHAN,Mathematics,MATH101,1,82,A
72,PRATHIYUKSHA JAGANATHAN,Python,PY102,1,64,C
72,PRATHIYUKSHA JAGANATHAN,Machine Learning,ML103,1,35,E
72,PRATHIYUKSHA JAGANATHAN,English,GP104,1,52,D
72,PRATHIYUKSHA JAGANATHAN,Database,CS105,1,73,B
73,PREM M,Mathematics,MATH101,1,96,S
73,PREM M,Python,PY102,1,98,S
73,PREM M,Machine Learning,ML103,1,65,B
73,PREM M,English,GP104,1,96,S
73,PREM M,Database,CS105,1,79,A
74,PRETHEGA S N,Mathematics,MATH101,1,100,S
74,PRETHEGA S N,Python,PY102,1,71,B
74,PRETHEGA S N,Machine Learning,ML103,1,57,C
74,PRETHEGA S N,English,GP104,1,56,C
74,PRETHEGA S N,Database,CS105,1,69,B
75,PRITHISHAA SRI S,Mathematics,MATH101,1,77,A
75,PRITHISHAA SRI S,Python,PY102,1,65,B
75,PRITHISHAA SRI S,Machine Learning,ML103,1,58,C
75,PRITHISHAA SRI S,English,GP104,1,83,A
75,PRITHISHAA SRI S,Database,CS105,1,70,B
76,PRIYADHARSHINI R,Mathematics,MATH101,1,69,B
76,PRIYADHARSHINI R,Python,PY102,1,68,B
76,PRIYADHARSHINI R,Machine Learning,ML103,1,46,D
76,PRIYADHARSHINI R,English,GP104,1,63,C
76,PRIYADHARSHINI R,Database,CS105,1,62,C
77,PRIYANKA B,Mathematics,MATH101,1,51,D
77,PRIYANKA B,Python,PY102,1,68,B
77,PRIYANKA B,Machine Learning,ML103,1,82,A
77,PRIYANKA B,English,GP104,1,55,C
77,PRIYANKA B,Database,CS105,1,86,S
78,RAGUL M,Mathematics,MATH101,1,47,D
78,RAGUL M,Python,PY102,1,56,C
78,RAGUL M,Machine Learning,ML103,1,41,E
78,RAGUL M,English,GP104,1,54,D
78,RAGUL M,Database,CS105,1,99,S
79,RAJKUMAR G,Mathematics,MATH101,1,71,B
79,RAJKUMAR G,Python,PY102,1,74,B
79,RAJKUMAR G,Machine Learning,ML103,1,30,F
79,RAJKUMAR G,Machine Learning,ML103,2,42,E
79,RAJKUMAR G,English,GP104,1,96,S
79,RAJKUMAR G,Database,CS105,1,71,B
80,RAKSHITHA S,Mathematics,MATH101,1,72,B
80,RAKSHITHA S,Python,PY102,1,67,B
80,RAKSHITHA S,Machine Learning,ML103,1,69,B
80,RAKSHITHA S,English,GP104,1,85,S
80,RAKSHITHA S,Database,CS105,1,52,D
81,RAMYA SRI M,Mathematics,MATH101,1,71,B
81,RAMYA SRI M,Python,PY102,1,44,E
81,RAMYA SRI M,Machine Learning,ML103,1,81,A
81,RAMYA SRI M,English,GP104,1,41,E
81,RAMYA SRI M,Database,CS105,1,71,B
82,RASWANT P,Mathematics,MATH101,1,30,F
82,RASWANT P,Mathematics,MATH101,2,41,E
82,RASWANT P,Python,PY102,1,60,C
82,RASWANT P,Machine Learning,ML103,1,44,E
82,RASWANT P,English,GP104,1,56,C
82,RASWANT P,Database,CS105,1,61,C
83,RISHIKA T,Mathematics,MATH101,1,50,D
83,RISHIKA T,Python,PY102,1,50,D
83,RISHIKA T,Machine Learning,ML103,1,86,S
83,RISHIKA T,English,GP104,1,61,C
83,RISHIKA T,Database,CS105,1,75,A
84,ROHITH EASWAR D,Mathematics,MATH101,1,56,C
84,ROHITH EASWAR D,Python,PY102,1,45,D
84,ROHITH EASWAR D,Machine Learning,ML103,1,56,C
84,ROHITH EASWAR D,English,GP104,1,92,S
84,ROHITH EASWAR D,Database,CS105,1,50,D
85,RUBHESH S R,Mathematics,MATH101,1,35,E
85,RUBHESH S R,Python,PY102,1,95,S
85,RUBHESH S R,Machine Learning,ML103,1,85,S
85,RUBHESH S R,English,GP104,1,63,C
85,RUBHESH S R,Database,CS105,1,45,D
86,SAGANA K,Mathematics,MATH101,1,41,E
86,SAGANA K,Python,PY102,1,86,S
86,SAGANA K,Machine Learning,ML103,1,47,D
86,SAGANA K,English,GP104,1,32,F
86,SAGANA K,English,GP104,2,39,E
86,SAGANA K,Database,CS105,1,35,E
87,SAKTHINARAYANAN S,Mathematics,MATH101,1,56,C
87,SAKTHINARAYANAN S,Python,PY102,1,98,S
87,SAKTHINARAYANAN S,Machine Learning,ML103,1,88,S
87,SAKTHINARAYANAN S,English,GP104,1,69,B
87,SAKTHINARAYANAN S,Database,CS105,1,65,B
88,SAM DANIEL VINCY D,Mathematics,MATH101,1,99,S
88,SAM DANIEL VINCY D,Python,PY102,1,80,A
88,SAM DANIEL VINCY D,Machine Learning,ML103,1,69,B
88,SAM DANIEL VINCY D,English,GP104,1,40,E
88,SAM DANIEL VINCY D,Database,CS105,1,89,S
89,SANGEETHA R K,Mathematics,MATH101,1,73,B
89,SANGEETHA R K,Python,PY102,1,83,A
89,SANGEETHA R K,Machine Learning,ML103,1,76,A
89,SANGEETHA R K,English,GP104,1,64,C
89,SANGEETHA R K,Database,CS105,1,70,B
90,SARAVANAN S,Mathematics,MATH101,1,65,B
90,SARAVANAN S,Python,PY102,1,100,S
90,SARAVANAN S,Machine Learning,ML103,1,83,A
90,SARAVANAN S,English,GP104,1,96,S
90,SARAVANAN S,Database,CS105,1,83,A
91,SARVESHWAR P,Mathematics,MATH101,1,53,D
91,SARVESHWAR P,Python,PY102,1,38,E
91,SARVESHWAR P,Machine Learning,ML103,1,64,C
91,SARVESHWAR P,English,GP104,1,99,S
91,SARVESHWAR P,Database,CS105,1,74,B
92,SASIREKHA K,Mathematics,MATH101,1,76,A
92,SASIREKHA K,Python,PY102,1,94,S
92,SASIREKHA K,Machine Learning,ML103,1,73,B
92,SASIREKHA K,English,GP104,1,58,C
92,SASIREKHA K,Database,CS105,1,97,S
93,SENDHAANE I,Mathematics,MATH101,1,37,E
93,SENDHAANE I,Python,PY102,1,54,D
93,SENDHAANE I,Machine Learning,ML103,1,34,F
93,SENDHAANE I,Machine Learning,ML103,2,45,D
93,SENDHAANE I,English,GP104,1,79,A
93,SENDHAANE I,Database,CS105,1,30,F
93,SENDHAANE I,Database,CS105,2,37,E
94,SHALINI M,Mathematics,MATH101,1,66,B
94,SHALINI M,Python,PY102,1,31,F
94,SHALINI M,Python,PY102,2,44,E
94,SHALINI M,Machine Learning,ML103,1,99,S
94,SHALINI M,English,GP104,1,33,F
94,SHALINI M,English,GP104,2,46,D
94,SHALINI M,Database,CS105,1,79,A
95,SHAM GANESH S,Mathematics,MATH101,1,88,S
95,SHAM GANESH S,Python,PY102,1,40,E
95,SHAM GANESH S,Machine Learning,ML103,1,52,D
95,SHAM GANESH S,English,GP104,1,94,S
95,SHAM GANESH S,Database,CS105,1,100,S
96,SHARLI S,Mathematics,MATH101,1,43,E
96,SHARLI S,Python,PY102,1,65,B
96,SHARLI S,Machine Learning,ML103,1,77,A
96,SHARLI S,English,GP104,1,83,A
96,SHARLI S,Database,CS105,1,38,E
97,SHUAIB MUSTHAFA M,Mathematics,MATH101,1,30,F
97,SHUAIB MUSTHAFA M,Mathematics,MATH101,2,44,E
97,SHUAIB MUSTHAFA M,Python,PY102,1,59,C
97,SHUAIB MUSTHAFA M,Machine Learning,ML103,1,87,S
97,SHUAIB MUSTHAFA M,English,GP104,1,94,S
97,SHUAIB MUSTHAFA M,Database,CS105,1,70,B
98,SHYAAM KUMAR S,Mathematics,MATH101,1,52,D
98,SHYAAM KUMAR S,Python,PY102,1,30,F
98,SHYAAM KUMAR S,Python,PY102,2,35,E
98,SHYAAM KUMAR S,Machine Learning,ML103,1,34,F
98,SHYAAM KUMAR S,Machine Learning,ML103,2,42,E
98,SHYAAM KUMAR S,English,GP104,1,54,D
98,SHYAAM KUMAR S,Database,CS105,1,69,B
99,SHYAM G,Mathematics,MATH101,1,93,S
99,SHYAM G,Python,PY102,1,100,S
99,SHYAM G,Machine Learning,ML103,1,57,C
99,SHYAM G,English,GP104,1,45,D
99,SHYAM G,Database,CS105,1,71,B
100,SIDHARTH S,Mathematics,MATH101,1,67,B
100,SIDHARTH S,Python,PY102,1,50,D
100,SIDHARTH S,Machine Learning,ML103,1,61,C
100,SIDHARTH S,English,GP104,1,68,B
100,SIDHARTH S,Database,CS105,1,66,B
101,SIVANESHAN K,Mathematics,MATH101,1,77,A
101,SIVANESHAN K,Python,PY102,1,63,C
101,SIVANESHAN K,Machine Learning,ML103,1,46,D
101,SIVANESHAN K,English,GP104,1,99,S
101,SIVANESHAN K,Database,CS105,1,61,C
102,SREYA BIJU K P,Mathematics,MATH101,1,75,A
102,SREYA BIJU K P,Python,PY102,1,100,S
102,SREYA BIJU K P,Machine Learning,ML103,1,69,B
102,SREYA BIJU K P,English,GP104,1,33,F
102,SREYA BIJU K P,English,GP104,2,47,D
102,SREYA BIJU K P,Database,CS105,1,34,F
102,SREYA BIJU K P,Database,CS105,2,43,E
103,SRIKANTH V,Mathematics,MATH101,1,83,A
103,SRIKANTH V,Python,PY102,1,73,B
103,SRIKANTH V,Machine Learning,ML103,1,73,B
103,SRIKANTH V,English,GP104,1,57,C
103,SRIKANTH V,Database,CS105,1,76,A
104,SRIVANI S,Mathematics,MATH101,1,76,A
104,SRIVANI S,Python,PY102,1,65,B
104,SRIVANI S,Machine Learning,ML103,1,41,E
104,SRIVANI S,English,GP104,1,34,F
104,SRIVANI S,English,GP104,2,48,D
104,SRIVANI S,Database,CS105,1,31,F
104,SRIVANI S,Database,CS105,2,38,E
105,SUBASHINI C S,Mathematics,MATH101,1,86,S
105,SUBASHINI C S,Python,PY102,1,48,D
105,SUBASHINI C S,Machine Learning,ML103,1,54,D
105,SUBASHINI C S,English,GP104,1,35,E
105,SUBASHINI C S,Database,CS105,1,36,E
106,SURAJ SARAVANAN P,Mathematics,MATH101,1,52,D
106,SURAJ SARAVANAN P,Python,PY102,1,88,S
106,SURAJ SARAVANAN P,Machine Learning,ML103,1,60,C
106,SURAJ SARAVANAN P,English,GP104,1,89,S
106,SURAJ SARAVANAN P,Database,CS105,1,77,A
107,SURESH KRISHNA D,Mathematics,MATH101,1,33,F
107,SURESH KRISHNA D,Mathematics,MATH101,2,43,E
107,SURESH KRISHNA D,Python,PY102,1,66,B
107,SURESH KRISHNA D,Machine Learning,ML103,1,77,A
107,SURESH KRISHNA D,English,GP104,1,60,C
107,SURESH KRISHNA D,Database,CS105,1,50,D
108,SUVINKUMAR V,Mathematics,MATH101,1,62,C
108,SUVINKUMAR V,Python,PY102,1,65,B
108,SUVINKUMAR V,Machine Learning,ML103,1,87,S
108,SUVINKUMAR V,English,GP104,1,58,C
108,SUVINKUMAR V,Database,CS105,1,81,A
109,SWETHA RAJMOHAN,Mathematics,MATH101,1,85,S
109,SWETHA RAJMOHAN,Python,PY102,1,69,B
109,SWETHA RAJMOHAN,Machine Learning,ML103,1,71,B
109,SWETHA RAJMOHAN,English,GP104,1,81,A
109,SWETHA RAJMOHAN,Database,CS105,1,86,S
110,TAMIL SELVAN M,Mathematics,MATH101,1,49,D
110,TAMIL SELVAN M,Python,PY102,1,91,S
110,TAMIL SELVAN M,Machine Learning,ML103,1,41,E
110,TAMIL SELVAN M,English,GP104,1,90,S
110,TAMIL SELVAN M,Database,CS105,1,71,B
111,TANIYA FRANCI E,Mathematics,MATH101,1,99,S
111,TANIYA FRANCI E,Python,PY102,1,54,D
111,TANIYA FRANCI E,Machine Learning,ML103,1,46,D
111,TANIYA FRANCI E,English,GP104,1,35,E
111,TANIYA FRANCI E,Database,CS105,1,34,F
111,TANIYA FRANCI E,Database,CS105,2,47,D
112,THANISHKA G,Mathematics,MATH101,1,56,C
112,THANISHKA G,Python,PY102,1,86,S
112,THANISHKA G,Machine Learning,ML103,1,57,C
112,THANISHKA G,English,GP104,1,89,S
112,THANISHKA G,Database,CS105,1,46,D
113,VASANNTH S,Mathematics,MATH101,1,57,C
113,VASANNTH S,Python,PY102,1,88,S
113,VASANNTH S,Machine Learning,ML103,1,83,A
113,VASANNTH S,English,GP104,1,46,D
113,VASANNTH S,Database,CS105,1,86,S
114,VEDA M V,Mathematics,MATH101,1,81,A
114,VEDA M V,Python,PY102,1,84,A
114,VEDA M V,Machine Learning,ML103,1,51,D
114,VEDA M V,English,GP104,1,61,C
114,VEDA M V,Database,CS105,1,44,E
115,VIDHYA SREE V,Mathematics,MATH101,1,58,C
115,VIDHYA SREE V,Python,PY102,1,76,A
115,VIDHYA SREE V,Machine Learning,ML103,1,68,B
115,VIDHYA SREE V,English,GP104,1,35,E
115,VIDHYA SREE V,Database,CS105,1,46,D
116,VIGNESH JITHESH V,Mathematics,MATH101,1,38,E
116,VIGNESH JITHESH V,Python,PY102,1,37,E
116,VIGNESH JITHESH V,Machine Learning,ML103,1,31,F
116,VIGNESH JITHESH V,Machine Learning,ML103,2,39,E
116,VIGNESH JITHESH V,English,GP104,1,31,F
116,VIGNESH JITHESH V,English,GP104,2,39,E
116,VIGNESH JITHESH V,Database,CS105,1,51,D
117,VIGNESHWARAN L,Mathematics,MATH101,1,55,C
117,VIGNESHWARAN L,Python,PY102,1,96,S
117,VIGNESHWARAN L,Machine Learning,ML103,1,41,E
117,VIGNESHWARAN L,English,GP104,1,41,E
117,VIGNESHWARAN L,Database,CS105,1,50,D
118,VIJAYAVELU V,Mathematics,MATH101,1,88,S
118,VIJAYAVELU V,Python,PY102,1,51,D
118,VIJAYAVELU V,Machine Learning,ML103,1,77,A
118,VIJAYAVELU V,English,GP104,1,35,E
118,VIJAYAVELU V,Database,CS105,1,84,A
119,VINODHINI R,Mathematics,MATH101,1,54,D
119,VINODHINI R,Python,PY102,1,100,S
119,VINODHINI R,Machine Learning,ML103,1,70,B
119,VINODHINI R,English,GP104,1,91,S
119,VINODHINI R,Database,CS105,1,34,F
119,VINODHINI R,Database,CS105,2,43,E
120,VISHAL R,Mathematics,MATH101,1,70,B
120,VISHAL R,Python,PY102,1,55,C
120,VISHAL R,Machine Learning,ML103,1,33,F
120,VISHAL R,Machine Learning,ML103,2,39,E
120,VISHAL R,English,GP104,1,100,S
120,VISHAL R,Database,CS105,1,59,C
121,YALAMANCHILI VENKATA SAI SASANK,Mathematics,MATH101,1,43,E
121,YALAMANCHILI VENKATA SAI SASANK,Python,PY102,1,78,A
121,YALAMANCHILI VENKATA SAI SASANK,Machine Learning,ML103,1,97,S
121,YALAMANCHILI VENKATA SAI SASANK,English,GP104,1,98,S
121,YALAMANCHILI VENKATA SAI SASANK,Database,CS105,1,68,B
122,YESHMITHA SRI V,Mathematics,MATH101,1,71,B
122,YESHMITHA SRI V,Python,PY102,1,97,S
122,YESHMITHA SRI V,Machine Learning,ML103,1,95,S
122,YESHMITHA SRI V,English,GP104,1,45,D
122,YESHMITHA SRI V,Database,CS105,1,87,S
123,YUVAN PRASHANTH G,Mathematics,MATH101,1,63,C
123,YUVAN PRASHANTH G,Python,PY102,1,96,S
123,YUVAN PRASHANTH G,Machine Learning,ML103,1,98,S
123,YUVAN PRASHANTH G,English,GP104,1,43,E
123,YUVAN PRASHANTH G,Database,CS105,1,59,C
124,AATIF AHAMED .J,Mathematics,MATH101,1,52,D
124,AATIF AHAMED .J,Python,PY102,1,40,E
124,AATIF AHAMED .J,Machine Learning,ML103,1,63,C
124,AATIF AHAMED .J,English,GP104,1,86,S
124,AATIF AHAMED .J,Database,CS105,1,88,S
125,ABHINAV B,Mathematics,MATH101,1,46,D
125,ABHINAV B,Python,PY102,1,66,B
125,ABHINAV B,Machine Learning,ML103,1,41,E
125,ABHINAV B,English,GP104,1,86,S
125,ABHINAV B,Database,CS105,1,72,B
126,ABILASH K,Mathematics,MATH101,1,71,B
126,ABILASH K,Python,PY102,1,99,S
126,ABILASH K,Machine Learning,ML103,1,52,D
126,ABILASH K,English,GP104,1,75,A
126,ABILASH K,Database,CS105,1,74,B
127,ABINAYA S,Mathematics,MATH101,1,40,E
127,ABINAYA S,Python,PY102,1,99,S
127,ABINAYA S,Machine Learning,ML103,1,61,C
127,ABINAYA S,English,GP104,1,58,C
127,ABINAYA S,Database,CS105,1,85,S
128,ABITHA S,Mathematics,MATH101,1,64,C
128,ABITHA S,Python,PY102,1,92,S
128,ABITHA S,Machine Learning,ML103,1,82,A
128,ABITHA S,English,GP104,1,97,S
128,ABITHA S,Database,CS105,1,46,D
129,AHMED ALMAS  F,Mathematics,MATH101,1,32,F
129,AHMED ALMAS  F,Mathematics,MATH101,2,39,E
129,AHMED ALMAS  F,Python,PY102,1,51,D
129,AHMED ALMAS  F,Machine Learning,ML103,1,77,A
129,AHMED ALMAS  F,English,GP104,1,96,S
129,AHMED ALMAS  F,Database,CS105,1,46,D
130,AISWARYA S,Mathematics,MATH101,1,40,E
130,AISWARYA S,Python,PY102,1,95,S
130,AISWARYA S,Machine Learning,ML103,1,90,S
130,AISWARYA S,English,GP104,1,88,S
130,AISWARYA S,Database,CS105,1,56,C
131,AKSHITTA R,Mathematics,MATH101,1,71,B
131,AKSHITTA R,Python,PY102,1,55,C
131,AKSHITTA R,Machine Learning,ML103,1,87,S
131,AKSHITTA R,English,GP104,1,69,B
131,AKSHITTA R,Database,CS105,1,53,D
132,ANAS H,Mathematics,MATH101,1,62,C
132,ANAS H,Python,PY102,1,97,S
132,ANAS H,Machine Learning,ML103,1,80,A
132,ANAS H,English,GP104,1,92,S
132,ANAS H,Database,CS105,1,32,F
132,ANAS H,Database,CS105,2,46,D
133,ANDREW JASON R,Mathematics,MATH101,1,55,C
133,ANDREW JASON R,Python,PY102,1,62,C
133,ANDREW JASON R,Machine Learning,ML103,1,100,S
133,ANDREW JASON R,English,GP104,1,61,C
133,ANDREW JASON R,Database,CS105,1,52,D
134,ANUPRIYA R,Mathematics,MATH101,1,96,S
134,ANUPRIYA R,Python,PY102,1,44,E
134,ANUPRIYA R,Machine Learning,ML103,1,88,S
134,ANUPRIYA R,English,GP104,1,38,E
134,ANUPRIYA R,Database,CS105,1,74,B
135,ARAVINDHAN A,Mathematics,MATH101,1,65,B
135,ARAVINDHAN A,Python,PY102,1,94,S
135,ARAVINDHAN A,Machine Learning,ML103,1,53,D
135,ARAVINDHAN A,English,GP104,1,61,C
135,ARAVINDHAN A,Database,CS105,1,85,S
136,ARDRA P P,Mathematics,MATH101,1,55,C
136,ARDRA P P,Python,PY102,1,94,S
136,ARDRA P P,Machine Learning,ML103,1,48,D
136,ARDRA P P,English,GP104,1,43,E
136,ARDRA P P,Database,CS105,1,55,C
137,ARTHI M,Mathematics,MATH101,1,40,E
137,ARTHI M,Python,PY102,1,46,D
137,ARTHI M,Machine Learning,ML103,1,61,C
137,ARTHI M,English,GP104,1,94,S
137,ARTHI M,Database,CS105,1,96,S
138,ASHIKA S A,Mathematics,MATH101,1,59,C
138,ASHIKA S A,Python,PY102,1,68,B
138,ASHIKA S A,Machine Learning,ML103,1,94,S
138,ASHIKA S A,English,GP104,1,55,C
138,ASHIKA S A,Database,CS105,1,35,E
139,BALAJI R,Mathematics,MATH101,1,65,B
139,BALAJI R,Python,PY102,1,32,F
139,BALAJI R,Python,PY102,2,40,E
139,BALAJI R,Machine Learning,ML103,1,75,A
139,BALAJI R,English,GP104,1,78,A
139,BALAJI R,Database,CS105,1,99,S
140,BHUVANESHWARAN G,Mathematics,MATH101,1,57,C
140,BHUVANESHWARAN G,Python,PY102,1,50,D
140,BHUVANESHWARAN G,Machine Learning,ML103,1,70,B
140,BHUVANESHWARAN G,English,GP104,1,44,E
140,BHUVANESHWARAN G,Database,CS105,1,74,B
141,CHANDRAKUMAR K,Mathematics,MATH101,1,67,B
141,CHANDRAKUMAR K,Python,PY102,1,96,S
141,CHANDRAKUMAR K,Machine Learning,ML103,1,83,A
141,CHANDRAKUMAR K,English,GP104,1,68,B
141,CHANDRAKUMAR K,Database,CS105,1,71,B
142,DEEPAK K,Mathematics,MATH101,1,57,C
142,DEEPAK K,Python,PY102,1,52,D
142,DEEPAK K,Machine Learning,ML103,1,33,F
142,DEEPAK K,Machine Learning,ML103,2,40,E
142,DEEPAK K,English,GP104,1,65,B
142,DEEPAK K,Database,CS105,1,92,S
143,DEEPAK NAAREES G,Mathematics,MATH101,1,35,E
143,DEEPAK NAAREES G,Python,PY102,1,94,S
143,DEEPAK NAAREES G,Machine Learning,ML103,1,51,D
143,DEEPAK NAAREES G,English,GP104,1,98,S
143,DEEPAK NAAREES G,Database,CS105,1,54,D
144,DEEPAK P,Mathematics,MATH101,1,99,S
144,DEEPAK P,Python,PY102,1,64,C
144,DEEPAK P,Machine Learning,ML103,1,76,A
144,DEEPAK P,English,GP104,1,81,A
144,DEEPAK P,Database,CS105,1,88,S
145,DHARANYA S,Mathematics,MATH101,1,63,C
145,DHARANYA S,Python,PY102,1,59,C
145,DHARANYA S,Machine Learning,ML103,1,63,C
145,DHARANYA S,English,GP104,1,66,B
145,DHARANYA S,Database,CS105,1,37,E
146,DHEEPIKA.I ,Mathematics,MATH101,1,77,A
146,DHEEPIKA.I ,Python,PY102,1,41,E
146,DHEEPIKA.I ,Machine Learning,ML103,1,74,B
146,DHEEPIKA.I ,English,GP104,1,69,B
146,DHEEPIKA.I ,Database,CS105,1,48,D
147,FERON AROCKIAM S,Mathematics,MATH101,1,62,C
147,FERON AROCKIAM S,Python,PY102,1,36,E
147,FERON AROCKIAM S,Machine Learning,ML103,1,71,B
147,FERON AROCKIAM S,English,GP104,1,93,S
147,FERON AROCKIAM S,Database,CS105,1,48,D
148,GOKUL R,Mathematics,MATH101,1,96,S
148,GOKUL R,Python,PY102,1,37,E
148,GOKUL R,Machine Learning,ML103,1,82,A
148,GOKUL R,English,GP104,1,100,S
148,GOKUL R,Database,CS105,1,36,E
149,GOPINATH R ,Mathematics,MATH101,1,51,D
149,GOPINATH R ,Python,PY102,1,65,B
149,GOPINATH R ,Machine Learning,ML103,1,70,B
149,GOPINATH R ,English,GP104,1,95,S
149,GOPINATH R ,Database,CS105,1,89,S
150,GOWTHAM M,Mathematics,MATH101,1,78,A
150,GOWTHAM M,Python,PY102,1,35,E
150,GOWTHAM M,Machine Learning,ML103,1,32,F
150,GOWTHAM M,Machine Learning,ML103,2,46,D
150,GOWTHAM M,English,GP104,1,65,B
150,GOWTHAM M,Database,CS105,1,87,S
151,HARII SARAVANAN A,Mathematics,MATH101,1,68,B
151,HARII SARAVANAN A,Python,PY102,1,34,F
151,HARII SARAVANAN A,Python,PY102,2,40,E
151,HARII SARAVANAN A,Machine Learning,ML103,1,37,E
151,HARII SARAVANAN A,English,GP104,1,81,A
151,HARII SARAVANAN A,Database,CS105,1,31,F
151,HARII SARAVANAN A,Database,CS105,2,39,E
152,HARINI A,Mathematics,MATH101,1,67,B
152,HARINI A,Python,PY102,1,62,C
152,HARINI A,Machine Learning,ML103,1,64,C
152,HARINI A,English,GP104,1,42,E
152,HARINI A,Database,CS105,1,43,E
153,HARISH BHALAA S,Mathematics,MATH101,1,37,E
153,HARISH BHALAA S,Python,PY102,1,48,D
153,HARISH BHALAA S,Machine Learning,ML103,1,47,D
153,HARISH BHALAA S,English,GP104,1,94,S
153,HARISH BHALAA S,Database,CS105,1,50,D
154,HARIYNIE C,Mathematics,MATH101,1,71,B
154,HARIYNIE C,Python,PY102,1,92,S
154,HARIYNIE C,Machine Learning,ML103,1,99,S
154,HARIYNIE C,English,GP104,1,51,D
154,HARIYNIE C,Database,CS105,1,81,A
155,HARRESHH M,Mathematics,MATH101,1,62,C
155,HARRESHH M,Python,PY102,1,78,A
155,HARRESHH M,Machine Learning,ML103,1,83,A
155,HARRESHH M,English,GP104,1,59,C
155,HARRESHH M,Database,CS105,1,80,A
156,HARSHINEE A,Mathematics,MATH101,1,63,C
156,HARSHINEE A,Python,PY102,1,65,B
156,HARSHINEE A,Machine Learning,ML103,1,80,A
156,HARSHINEE A,English,GP104,1,52,D
156,HARSHINEE A,Database,CS105,1,66,B
157,HEMA ARULARASI. M,Mathematics,MATH101,1,96,S
157,HEMA ARULARASI. M,Python,PY102,1,48,D
157,HEMA ARULARASI. M,Machine Learning,ML103,1,67,B
157,HEMA ARULARASI. M,English,GP104,1,39,E
157,HEMA ARULARASI. M,Database,CS105,1,70,B
158,HEMACHANDRAN S,Mathematics,MATH101,1,80,A
158,HEMACHANDRAN S,Python,PY102,1,48,D
158,HEMACHANDRAN S,Machine Learning,ML103,1,74,B
158,HEMACHANDRAN S,English,GP104,1,48,D
158,HEMACHANDRAN S,Database,CS105,1,98,S
159,HIRUTIK R,Mathematics,MATH101,1,68,B
159,HIRUTIK R,Python,PY102,1,36,E
159,HIRUTIK R,Machine Learning,ML103,1,63,C
159,HIRUTIK R,English,GP104,1,77,A
159,HIRUTIK R,Database,CS105,1,57,C
160,INDUMATHI B,Mathematics,MATH101,1,82,A
160,INDUMATHI B,Python,PY102,1,76,A
160,INDUMATHI B,Machine Learning,ML103,1,48,D
160,INDUMATHI B,English,GP104,1,44,E
160,INDUMATHI B,Database,CS105,1,39,E
161,JAICHANDRAN.G,Mathematics,MATH101,1,70,B
161,JAICHANDRAN.G,Python,PY102,1,76,A
161,JAICHANDRAN.G,Machine Learning,ML103,1,51,D
161,JAICHANDRAN.G,English,GP104,1,80,A
161,JAICHANDRAN.G,Database,CS105,1,94,S
162,JANANE S,Mathematics,MATH101,1,83,A
162,JANANE S,Python,PY102,1,95,S
162,JANANE S,Machine Learning,ML103,1,75,A
162,JANANE S,English,GP104,1,71,B
162,JANANE S,Database,CS105,1,54,D
163,JAWAHAR CHANDRU R,Mathematics,MATH101,1,40,E
163,JAWAHAR CHANDRU R,Python,PY102,1,66,B
163,JAWAHAR CHANDRU R,Machine Learning,ML103,1,84,A
163,JAWAHAR CHANDRU R,English,GP104,1,95,S
163,JAWAHAR CHANDRU R,Database,CS105,1,81,A
164,KARTHIKEYAN M,Mathematics,MATH101,1,32,F
164,KARTHIKEYAN M,Mathematics,MATH101,2,42,E
164,KARTHIKEYAN M,Python,PY102,1,41,E
164,KARTHIKEYAN M,Machine Learning,ML103,1,68,B
164,KARTHIKEYAN M,English,GP104,1,85,S
164,KARTHIKEYAN M,Database,CS105,1,34,F
164,KARTHIKEYAN M,Database,CS105,2,44,E
165,KAVIN B,Mathematics,MATH101,1,40,E
165,KAVIN B,Python,PY102,1,92,S
165,KAVIN B,Machine Learning,ML103,1,66,B
165,KAVIN B,English,GP104,1,33,F
165,KAVIN B,English,GP104,2,45,D
165,KAVIN B,Database,CS105,1,98,S
166,KEERTHANAA G,Mathematics,MATH101,1,88,S
166,KEERTHANAA G,Python,PY102,1,31,F
166,KEERTHANAA G,Python,PY102,2,39,E
166,KEERTHANAA G,Machine Learning,ML103,1,31,F
166,KEERTHANAA G,Machine Learning,ML103,2,41,E
166,KEERTHANAA G,English,GP104,1,58,C
166,KEERTHANAA G,Database,CS105,1,49,D
167,KEERTHESHWARI S,Mathematics,MATH101,1,92,S
167,KEERTHESHWARI S,Python,PY102,1,82,A
167,KEERTHESHWARI S,Machine Learning,ML103,1,66,B
167,KEERTHESHWARI S,English,GP104,1,60,C
167,KEERTHESHWARI S,Database,CS105,1,52,D
168,KEERTHIGA B,Mathematics,MATH101,1,94,S
168,KEERTHIGA B,Python,PY102,1,85,S
168,KEERTHIGA B,Machine Learning,ML103,1,30,F
168,KEERTHIGA B,Machine Learning,ML103,2,37,E
168,KEERTHIGA B,English,GP104,1,40,E
168,KEERTHIGA B,Database,CS105,1,72,B
169,KIRUBAKAR M,Mathematics,MATH101,1,82,A
169,KIRUBAKAR M,Python,PY102,1,81,A
169,KIRUBAKAR M,Machine Learning,ML103,1,43,E
169,KIRUBAKAR M,English,GP104,1,82,A
169,KIRUBAKAR M,Database,CS105,1,55,C
170,KOUSHIK ANANTH D,Mathematics,MATH101,1,100,S
170,KOUSHIK ANANTH D,Python,PY102,1,77,A
170,KOUSHIK ANANTH D,Machine Learning,ML103,1,58,C
170,KOUSHIK ANANTH D,English,GP104,1,49,D
170,KOUSHIK ANANTH D,Database,CS105,1,48,D
171,LAVANYA B,Mathematics,MATH101,1,41,E
171,LAVANYA B,Python,PY102,1,38,E
171,LAVANYA B,Machine Learning,ML103,1,81,A
171,LAVANYA B,English,GP104,1,51,D
171,LAVANYA B,Database,CS105,1,99,S
172,LEKA SHREE E,Mathematics,MATH101,1,55,C
172,LEKA SHREE E,Python,PY102,1,34,F
172,LEKA SHREE E,Python,PY102,2,45,D
172,LEKA SHREE E,Machine Learning,ML103,1,60,C
172,LEKA SHREE E,English,GP104,1,85,S
172,LEKA SHREE E,Database,CS105,1,63,C
173,LINGESHWARAN G,Mathematics,MATH101,1,77,A
173,LINGESHWARAN G,Python,PY102,1,76,A
173,LINGESHWARAN G,Machine Learning,ML103,1,92,S
173,LINGESHWARAN G,English,GP104,1,77,A
173,LINGESHWARAN G,Database,CS105,1,51,D
174,LOGESWARAN S,Mathematics,MATH101,1,90,S
174,LOGESWARAN S,Python,PY102,1,79,A
174,LOGESWARAN S,Machine Learning,ML103,1,80,A
174,LOGESWARAN S,English,GP104,1,99,S
174,LOGESWARAN S,Database,CS105,1,48,D
175,LOK NAARAAYAN SINGH C,Mathematics,MATH101,1,57,C
175,LOK NAARAAYAN SINGH C,Python,PY102,1,95,S
175,LOK NAARAAYAN SINGH C,Machine Learning,ML103,1,33,F
175,LOK NAARAAYAN SINGH C,Machine Learning,ML103,2,46,D
175,LOK NAARAAYAN SINGH C,English,GP104,1,68,B
175,LOK NAARAAYAN SINGH C,Database,CS105,1,72,B
176,MANOJ KIRAN D,Mathematics,MATH101,1,45,D
176,MANOJ KIRAN D,Python,PY102,1,96,S
176,MANOJ KIRAN D,Machine Learning,ML103,1,60,C
176,MANOJ KIRAN D,English,GP104,1,50,D
176,MANOJ KIRAN D,Database,CS105,1,98,S
177,MEGHA SHINOJ,Mathematics,MATH101,1,55,C
177,MEGHA SHINOJ,Python,PY102,1,41,E
177,MEGHA SHINOJ,Machine Learning,ML103,1,77,A
177,MEGHA SHINOJ,English,GP104,1,77,A
177,MEGHA SHINOJ,Database,CS105,1,73,B
178,MOHAMMED FEROZ A,Mathematics,MATH101,1,82,A
178,MOHAMMED FEROZ A,Python,PY102,1,99,S
178,MOHAMMED FEROZ A,Machine Learning,ML103,1,69,B
178,MOHAMMED FEROZ A,English,GP104,1,33,F
178,MOHAMMED FEROZ A,English,GP104,2,42,E
178,MOHAMMED FEROZ A,Database,CS105,1,91,S
179,NANCY DHIVYA G,Mathematics,MATH101,1,57,C
179,NANCY DHIVYA G,Python,PY102,1,59,C
179,NANCY DHIVYA G,Machine Learning,ML103,1,36,E
179,NANCY DHIVYA G,English,GP104,1,84,A
179,NANCY DHIVYA G,Database,CS105,1,37,E
180,NARESH S,Mathematics,MATH101,1,40,E
180,NARESH S,Python,PY102,1,35,E
180,NARESH S,Machine Learning,ML103,1,58,C
180,NARESH S,English,GP104,1,34,F
180,NARESH S,English,GP104,2,44,E
180,NARESH S,Database,CS105,1,38,E
181,NIMOSHINI M,Mathematics,MATH101,1,95,S
181,NIMOSHINI M,Python,PY102,1,66,B
181,NIMOSHINI M,Machine Learning,ML103,1,78,A
181,NIMOSHINI M,English,GP104,1,31,F
181,NIMOSHINI M,English,GP104,2,39,E
181,NIMOSHINI M,Database,CS105,1,43,E
182,NIRANJAN S,Mathematics,MATH101,1,76,A
182,NIRANJAN S,Python,PY102,1,32,F
182,NIRANJAN S,Python,PY102,2,46,D
182,NIRANJAN S,Machine Learning,ML103,1,95,S
182,NIRANJAN S,English,GP104,1,33,F
182,NIRANJAN S,English,GP104,2,42,E
182,NIRANJAN S,Database,CS105,1,97,S
183,PARAMESHWARAN N,Mathematics,MATH101,1,83,A
183,PARAMESHWARAN N,Python,PY102,1,58,C
183,PARAMESHWARAN N,Machine Learning,ML103,1,75,A
183,PARAMESHWARAN N,English,GP104,1,62,C
183,PARAMESHWARAN N,Database,CS105,1,92,S
184,PRANAV R,Mathematics,MATH101,1,32,F
184,PRANAV R,Mathematics,MATH101,2,39,E
184,PRANAV R,Python,PY102,1,65,B
184,PRANAV R,Machine Learning,ML103,1,100,S
184,PRANAV R,English,GP104,1,85,S
184,PRANAV R,Database,CS105,1,41,E
185,PRANAVESH S,Mathematics,MATH101,1,73,B
185,PRANAVESH S,Python,PY102,1,47,D
185,PRANAVESH S,Machine Learning,ML103,1,99,S
185,PRANAVESH S,English,GP104,1,62,C
185,PRANAVESH S,Database,CS105,1,59,C
186,PRAVINA A,Mathematics,MATH101,1,45,D
186,PRAVINA A,Python,PY102,1,96,S
186,PRAVINA A,Machine Learning,ML103,1,30,F
186,PRAVINA A,Machine Learning,ML103,2,45,D
186,PRAVINA A,English,GP104,1,48,D
186,PRAVINA A,Database,CS105,1,68,B
187,PREETHA A,Mathematics,MATH101,1,90,S
187,PREETHA A,Python,PY102,1,49,D
187,PREETHA A,Machine Learning,ML103,1,53,D
187,PREETHA A,English,GP104,1,100,S
187,PREETHA A,Database,CS105,1,35,E
188,PRETHEBHA M,Mathematics,MATH101,1,70,B
188,PRETHEBHA M,Python,PY102,1,49,D
188,PRETHEBHA M,Machine Learning,ML103,1,77,A
188,PRETHEBHA M,English,GP104,1,51,D
188,PRETHEBHA M,Database,CS105,1,93,S
189,PRITHIKA V,Mathematics,MATH101,1,85,S
189,PRITHIKA V,Python,PY102,1,84,A
189,PRITHIKA V,Machine Learning,ML103,1,93,S
189,PRITHIKA V,English,GP104,1,88,S
189,PRITHIKA V,Database,CS105,1,71,B
190,PRIYADHARSHANI A,Mathematics,MATH101,1,60,C
190,PRIYADHARSHANI A,Python,PY102,1,56,C
190,PRIYADHARSHANI A,Machine Learning,ML103,1,74,B
190,PRIYADHARSHANI A,English,GP104,1,95,S
190,PRIYADHARSHANI A,Database,CS105,1,90,S
191,RAHUL G,Mathematics,MATH101,1,42,E
191,RAHUL G,Python,PY102,1,64,C
191,RAHUL G,Machine Learning,ML103,1,49,D
191,RAHUL G,English,GP104,1,54,D
191,RAHUL G,Database,CS105,1,51,D
192,RAJ MOHAN K,Mathematics,MATH101,1,96,S
192,RAJ MOHAN K,Python,PY102,1,53,D
192,RAJ MOHAN K,Machine Learning,ML103,1,100,S
192,RAJ MOHAN K,English,GP104,1,69,B
192,RAJ MOHAN K,Database,CS105,1,55,C
193,ROHIT S K,Mathematics,MATH101,1,78,A
193,ROHIT S K,Python,PY102,1,53,D
193,ROHIT S K,Machine Learning,ML103,1,52,D
193,ROHIT S K,English,GP104,1,70,B
193,ROHIT S K,Database,CS105,1,100,S
194,SAKTHIMALAI P,Mathematics,MATH101,1,30,F
194,SAKTHIMALAI P,Mathematics,MATH101,2,45,D
194,SAKTHIMALAI P,Python,PY102,1,65,B
194,SAKTHIMALAI P,Machine Learning,ML103,1,81,A
194,SAKTHIMALAI P,English,GP104,1,45,D
194,SAKTHIMALAI P,Database,CS105,1,60,C
195,SANJAY N,Mathematics,MATH101,1,35,E
195,SANJAY N,Python,PY102,1,53,D
195,SANJAY N,Machine Learning,ML103,1,76,A
195,SANJAY N,English,GP104,1,42,E
195,SANJAY N,Database,CS105,1,31,F
195,SANJAY N,Database,CS105,2,41,E
196,SATHISH V,Mathematics,MATH101,1,99,S
196,SATHISH V,Python,PY102,1,34,F
196,SATHISH V,Python,PY102,2,42,E
196,SATHISH V,Machine Learning,ML103,1,51,D
196,SATHISH V,English,GP104,1,39,E
196,SATHISH V,Database,CS105,1,91,S
197,SATHYA NARAYANAN S,Mathematics,MATH101,1,93,S
197,SATHYA NARAYANAN S,Python,PY102,1,33,F
197,SATHYA NARAYANAN S,Python,PY102,2,41,E
197,SATHYA NARAYANAN S,Machine Learning,ML103,1,87,S
197,SATHYA NARAYANAN S,English,GP104,1,76,A
197,SATHYA NARAYANAN S,Database,CS105,1,52,D
198,SELVI.M,Mathematics,MATH101,1,45,D
198,SELVI.M,Python,PY102,1,77,A
198,SELVI.M,Machine Learning,ML103,1,41,E
198,SELVI.M,English,GP104,1,43,E
198,SELVI.M,Database,CS105,1,54,D
199,SHANTHINI SELVAM I,Mathematics,MATH101,1,67,B
199,SHANTHINI SELVAM I,Python,PY102,1,40,E
199,SHANTHINI SELVAM I,Machine Learning,ML103,1,33,F
199,SHANTHINI SELVAM I,Machine Learning,ML103,2,41,E
199,SHANTHINI SELVAM I,English,GP104,1,30,F
199,SHANTHINI SELVAM I,English,GP104,2,42,E
199,SHANTHINI SELVAM I,Database,CS105,1,39,E
200,SHARAL PRIYA M,Mathematics,MATH101,1,40,E
200,SHARAL PRIYA M,Python,PY102,1,59,C
200,SHARAL PRIYA M,Machine Learning,ML103,1,95,S
200,SHARAL PRIYA M,English,GP104,1,51,D
200,SHARAL PRIYA M,Database,CS105,1,82,A
201,SHARAN ARVIND B,Mathematics,MATH101,1,48,D
201,SHARAN ARVIND B,Python,PY102,1,79,A
201,SHARAN ARVIND B,Machine Learning,ML103,1,35,E
201,SHARAN ARVIND B,English,GP104,1,38,E
201,SHARAN ARVIND B,Database,CS105,1,59,C
202,SHARANJEY G,Mathematics,MATH101,1,80,A
202,SHARANJEY G,Python,PY102,1,58,C
202,SHARANJEY G,Machine Learning,ML103,1,32,F
202,SHARANJEY G,Machine Learning,ML103,2,40,E
202,SHARANJEY G,English,GP104,1,60,C
202,SHARANJEY G,Database,CS105,1,55,C
203,SHARON A,Mathematics,MATH101,1,59,C
203,SHARON A,Python,PY102,1,46,D
203,SHARON A,Machine Learning,ML103,1,35,E
203,SHARON A,English,GP104,1,44,E
203,SHARON A,Database,CS105,1,33,F
203,SHARON A,Database,CS105,2,42,E
204,SHASTEESWARAN RAVIANAND THARMIYA,Mathematics,MATH101,1,37,E
204,SHASTEESWARAN RAVIANAND THARMIYA,Python,PY102,1,98,S
204,SHASTEESWARAN RAVIANAND THARMIYA,Machine Learning,ML103,1,88,S
204,SHASTEESWARAN RAVIANAND THARMIYA,English,GP104,1,47,D
204,SHASTEESWARAN RAVIANAND THARMIYA,Database,CS105,1,76,A
205,SHIVANI PRIYA P,Mathematics,MATH101,1,48,D
205,SHIVANI PRIYA P,Python,PY102,1,49,D
205,SHIVANI PRIYA P,Machine Learning,ML103,1,70,B
205,SHIVANI PRIYA P,English,GP104,1,48,D
205,SHIVANI PRIYA P,Database,CS105,1,53,D
206,SHIVAPRASANNA R,Mathematics,MATH101,1,93,S
206,SHIVAPRASANNA R,Python,PY102,1,74,B
206,SHIVAPRASANNA R,Machine Learning,ML103,1,42,E
206,SHIVAPRASANNA R,English,GP104,1,34,F
206,SHIVAPRASANNA R,English,GP104,2,47,D
206,SHIVAPRASANNA R,Database,CS105,1,70,B
207,SIVAPRIYAN M,Mathematics,MATH101,1,97,S
207,SIVAPRIYAN M,Python,PY102,1,87,S
207,SIVAPRIYAN M,Machine Learning,ML103,1,94,S
207,SIVAPRIYAN M,English,GP104,1,56,C
207,SIVAPRIYAN M,Database,CS105,1,98,S
208,SONIA C,Mathematics,MATH101,1,39,E
208,SONIA C,Python,PY102,1,41,E
208,SONIA C,Machine Learning,ML103,1,89,S
208,SONIA C,English,GP104,1,49,D
208,SONIA C,Database,CS105,1,87,S
209,SOWMIYA R,Mathematics,MATH101,1,92,S
209,SOWMIYA R,Python,PY102,1,45,D
209,SOWMIYA R,Machine Learning,ML103,1,36,E
209,SOWMIYA R,English,GP104,1,64,C
209,SOWMIYA R,Database,CS105,1,52,D
210,SOWMIYALAKSHMI A,Mathematics,MATH101,1,66,B
210,SOWMIYALAKSHMI A,Python,PY102,1,85,S
210,SOWMIYALAKSHMI A,Machine Learning,ML103,1,43,E
210,SOWMIYALAKSHMI A,English,GP104,1,88,S
210,SOWMIYALAKSHMI A,Database,CS105,1,37,E
211,SRIMATHI.R,Mathematics,MATH101,1,55,C
211,SRIMATHI.R,Python,PY102,1,53,D
211,SRIMATHI.R,Machine Learning,ML103,1,85,S
211,SRIMATHI.R,English,GP104,1,46,D
211,SRIMATHI.R,Database,CS105,1,35,E
212,SRIRAM V,Mathematics,MATH101,1,46,D
212,SRIRAM V,Python,PY102,1,95,S
212,SRIRAM V,Machine Learning,ML103,1,48,D
212,SRIRAM V,English,GP104,1,95,S
212,SRIRAM V,Database,CS105,1,99,S
213,SUBASHINI M,Mathematics,MATH101,1,75,A
213,SUBASHINI M,Python,PY102,1,76,A
213,SUBASHINI M,Machine Learning,ML103,1,75,A
213,SUBASHINI M,English,GP104,1,61,C
213,SUBASHINI M,Database,CS105,1,69,B
214,SUGANYA S,Mathematics,MATH101,1,64,C
214,SUGANYA S,Python,PY102,1,55,C
214,SUGANYA S,Machine Learning,ML103,1,56,C
214,SUGANYA S,English,GP104,1,84,A
214,SUGANYA S,Database,CS105,1,60,C
215,SURYA.R,Mathematics,MATH101,1,93,S
215,SURYA.R,Python,PY102,1,72,B
215,SURYA.R,Machine Learning,ML103,1,52,D
215,SURYA.R,English,GP104,1,36,E
215,SURYA.R,Database,CS105,1,78,A
216,SWEETHAA HARINI SHRI K,Mathematics,MATH101,1,69,B
216,SWEETHAA HARINI SHRI K,Python,PY102,1,34,F
216,SWEETHAA HARINI SHRI K,Python,PY102,2,39,E
216,SWEETHAA HARINI SHRI K,Machine Learning,ML103,1,39,E
216,SWEETHAA HARINI SHRI K,English,GP104,1,37,E
216,SWEETHAA HARINI SHRI K,Database,CS105,1,96,S
217,SWETTHA E,Mathematics,MATH101,1,95,S
217,SWETTHA E,Python,PY102,1,48,D
217,SWETTHA E,Machine Learning,ML103,1,42,E
217,SWETTHA E,English,GP104,1,94,S
217,SWETTHA E,Database,CS105,1,51,D
218,TARUN V,Mathematics,MATH101,1,85,S
218,TARUN V,Python,PY102,1,66,B
218,TARUN V,Machine Learning,ML103,1,69,B
218,TARUN V,English,GP104,1,53,D
218,TARUN V,Database,CS105,1,70,B
219,THALIRNILA S,Mathematics,MATH101,1,68,B
219,THALIRNILA S,Python,PY102,1,88,S
219,THALIRNILA S,Machine Learning,ML103,1,70,B
219,THALIRNILA S,English,GP104,1,80,A
219,THALIRNILA S,Database,CS105,1,36,E
220,VAITHEESHVAR @ SATYAPRAKASH A T,Mathematics,MATH101,1,58,C
220,VAITHEESHVAR @ SATYAPRAKASH A T,Python,PY102,1,86,S
220,VAITHEESHVAR @ SATYAPRAKASH A T,Machine Learning,ML103,1,85,S
220,VAITHEESHVAR @ SATYAPRAKASH A T,English,GP104,1,30,F
220,VAITHEESHVAR @ SATYAPRAKASH A T,English,GP104,2,41,E
220,VAITHEESHVAR @ SATYAPRAKASH A T,Database,CS105,1,34,F
220,VAITHEESHVAR @ SATYAPRAKASH A T,Database,CS105,2,47,D
221,VAITHIYANATHAN K,Mathematics,MATH101,1,30,F
221,VAITHIYANATHAN K,Mathematics,MATH101,2,44,E
221,VAITHIYANATHAN K,Python,PY102,1,37,E
221,VAITHIYANATHAN K,Machine Learning,ML103,1,76,A
221,VAITHIYANATHAN K,English,GP104,1,94,S
221,VAITHIYANATHAN K,Database,CS105,1,56,C
222,VEDHA K,Mathematics,MATH101,1,38,E
222,VEDHA K,Python,PY102,1,56,C
222,VEDHA K,Machine Learning,ML103,1,39,E
222,VEDHA K,English,GP104,1,62,C
222,VEDHA K,Database,CS105,1,92,S
223,VELAN S,Mathematics,MATH101,1,66,B
223,VELAN S,Python,PY102,1,97,S
223,VELAN S,Machine Learning,ML103,1,47,D
223,VELAN S,English,GP104,1,60,C
223,VELAN S,Database,CS105,1,58,C
224,VEMA NAGA KARISH GUPTHA V,Mathematics,MATH101,1,39,E
224,VEMA NAGA KARISH GUPTHA V,Python,PY102,1,43,E
224,VEMA NAGA KARISH GUPTHA V,Machine Learning,ML103,1,37,E
224,VEMA NAGA KARISH GUPTHA V,English,GP104,1,99,S
224,VEMA NAGA KARISH GUPTHA V,Database,CS105,1,46,D
225,VIDHUN SIDDHARTH S,Mathematics,MATH101,1,100,S
225,VIDHUN SIDDHARTH S,Python,PY102,1,57,C
225,VIDHUN SIDDHARTH S,Machine Learning,ML103,1,57,C
225,VIDHUN SIDDHARTH S,English,GP104,1,98,S
225,VIDHUN SIDDHARTH S,Database,CS105,1,72,B
226,VIGNESH K,Mathematics,MATH101,1,44,E
226,VIGNESH K,Python,PY102,1,55,C
226,VIGNESH K,Machine Learning,ML103,1,99,S
226,VIGNESH K,English,GP104,1,83,A
226,VIGNESH K,Database,CS105,1,95,S
227,VIJAY S,Mathematics,MATH101,1,55,C
227,VIJAY S,Python,PY102,1,70,B
227,VIJAY S,Machine Learning,ML103,1,90,S
227,VIJAY S,English,GP104,1,74,B
227,VIJAY S,Database,CS105,1,66,B
228,VIJAYSURYA M,Mathematics,MATH101,1,45,D
228,VIJAYSURYA M,Python,PY102,1,62,C
228,VIJAYSURYA M,Machine Learning,ML103,1,33,F
228,VIJAYSURYA M,Machine Learning,ML103,2,47,D
228,VIJAYSURYA M,English,GP104,1,70,B
228,VIJAYSURYA M,Database,CS105,1,53,D
229,VINOTHKUMAR N,Mathematics,MATH101,1,55,C
229,VINOTHKUMAR N,Python,PY102,1,55,C
229,VINOTHKUMAR N,Machine Learning,ML103,1,50,D
229,VINOTHKUMAR N,English,GP104,1,88,S
229,VINOTHKUMAR N,Database,CS105,1,38,E
230,VISAKAN V,Mathematics,MATH101,1,92,S
230,VISAKAN V,Python,PY102,1,41,E
230,VISAKAN V,Machine Learning,ML103,1,49,D
230,VISAKAN V,English,GP104,1,93,S
230,VISAKAN V,Database,CS105,1,56,C
231,YAZEEN KHAN S,Mathematics,MATH101,1,50,D
231,YAZEEN KHAN S,Python,PY102,1,90,S
231,YAZEEN KHAN S,Machine Learning,ML103,1,73,B
231,YAZEEN KHAN S,English,GP104,1,88,S
231,YAZEEN KHAN S,Database,CS105,1,99,S
232,YOGITHADEVI V,Mathematics,MATH101,1,43,E
232,YOGITHADEVI V,Python,PY102,1,39,E
232,YOGITHADEVI V,Machine Learning,ML103,1,66,B
232,YOGITHADEVI V,English,GP104,1,67,B
232,YOGITHADEVI V,Database,CS105,1,66,B
233,YUVANTHIKHAA A,Mathematics,MATH101,1,100,S
233,YUVANTHIKHAA A,Python,PY102,1,72,B
233,YUVANTHIKHAA A,Machine Learning,ML103,1,44,E
233,YUVANTHIKHAA A,English,GP104,1,49,D
233,YUVANTHIKHAA A,Database,CS105,1,85,S
234,ABDULLAH S,Mathematics,MATH101,1,90,S
234,ABDULLAH S,Python,PY102,1,81,A
234,ABDULLAH S,Machine Learning,ML103,1,92,S
234,ABDULLAH S,English,GP104,1,61,C
234,ABDULLAH S,Database,CS105,1,57,C
235,DEEPAK R,Mathematics,MATH101,1,31,F
235,DEEPAK R,Mathematics,MATH101,2,40,E
235,DEEPAK R,Python,PY102,1,80,A
235,DEEPAK R,Machine Learning,ML103,1,57,C
235,DEEPAK R,English,GP104,1,57,C
235,DEEPAK R,Database,CS105,1,45,D
236,AABITH. M.A,Mathematics,MATH101,1,62,C
236,AABITH. M.A,Python,PY102,1,51,D
236,AABITH. M.A,Machine Learning,ML103,1,90,S
236,AABITH. M.A,English,GP104,1,65,B
236,AABITH. M.A,Database,CS105,1,31,F
236,AABITH. M.A,Database,CS105,2,46,D
237,ABHISHEK ARVIND. C.B,Mathematics,MATH101,1,46,D
237,ABHISHEK ARVIND. C.B,Python,PY102,1,85,S
237,ABHISHEK ARVIND. C.B,Machine Learning,ML103,1,47,D
237,ABHISHEK ARVIND. C.B,English,GP104,1,44,E
237,ABHISHEK ARVIND. C.B,Database,CS105,1,58,C
238,ABINAV. S,Mathematics,MATH101,1,54,D
238,ABINAV. S,Python,PY102,1,99,S
238,ABINAV. S,Machine Learning,ML103,1,72,B
238,ABINAV. S,English,GP104,1,60,C
238,ABINAV. S,Database,CS105,1,42,E
239,ABU SYEED,Mathematics,MATH101,1,68,B
239,ABU SYEED,Python,PY102,1,76,A
239,ABU SYEED,Machine Learning,ML103,1,50,D
239,ABU SYEED,English,GP104,1,39,E
239,ABU SYEED,Database,CS105,1,55,C
240,ADITHYAN. A,Mathematics,MATH101,1,74,B
240,ADITHYAN. A,Python,PY102,1,41,E
240,ADITHYAN. A,Machine Learning,ML103,1,31,F
240,ADITHYAN. A,Machine Learning,ML103,2,45,D
240,ADITHYAN. A,English,GP104,1,75,A
240,ADITHYAN. A,Database,CS105,1,89,S
241,AISWARYA. A.V,Mathematics,MATH101,1,82,A
241,AISWARYA. A.V,Python,PY102,1,83,A
241,AISWARYA. A.V,Machine Learning,ML103,1,75,A
241,AISWARYA. A.V,English,GP104,1,50,D
241,AISWARYA. A.V,Database,CS105,1,94,S
242,AMITA. C,Mathematics,MATH101,1,84,A
242,AMITA. C,Python,PY102,1,59,C
242,AMITA. C,Machine Learning,ML103,1,38,E
242,AMITA. C,English,GP104,1,86,S
242,AMITA. C,Database,CS105,1,67,B
243,ANNI SHARLEENA. A.B,Mathematics,MATH101,1,33,F
243,ANNI SHARLEENA. A.B,Mathematics,MATH101,2,40,E
243,ANNI SHARLEENA. A.B,Python,PY102,1,36,E
243,ANNI SHARLEENA. A.B,Machine Learning,ML103,1,37,E
243,ANNI SHARLEENA. A.B,English,GP104,1,93,S
243,ANNI SHARLEENA. A.B,Database,CS105,1,88,S
244,ARAVINDH. B,Mathematics,MATH101,1,54,D
244,ARAVINDH. B,Python,PY102,1,46,D
244,ARAVINDH. B,Machine Learning,ML103,1,71,B
244,ARAVINDH. B,English,GP104,1,100,S
244,ARAVINDH. B,Database,CS105,1,98,S
245,ARCHANA DEVI. C.N,Mathematics,MATH101,1,43,E
245,ARCHANA DEVI. C.N,Python,PY102,1,91,S
245,ARCHANA DEVI. C.N,Machine Learning,ML103,1,32,F
245,ARCHANA DEVI. C.N,Machine Learning,ML103,2,39,E
245,ARCHANA DEVI. C.N,English,GP104,1,76,A
245,ARCHANA DEVI. C.N,Database,CS105,1,90,S
246,BALAJI. S,Mathematics,MATH101,1,100,S
246,BALAJI. S,Python,PY102,1,30,F
246,BALAJI. S,Python,PY102,2,38,E
246,BALAJI. S,Machine Learning,ML103,1,45,D
246,BALAJI. S,English,GP104,1,69,B
246,BALAJI. S,Database,CS105,1,59,C
247,BHAVIN DHANA RAJ. V,Mathematics,MATH101,1,97,S
247,BHAVIN DHANA RAJ. V,Python,PY102,1,46,D
247,BHAVIN DHANA RAJ. V,Machine Learning,ML103,1,85,S
247,BHAVIN DHANA RAJ. V,English,GP104,1,85,S
247,BHAVIN DHANA RAJ. V,Database,CS105,1,34,F
247,BHAVIN DHANA RAJ. V,Database,CS105,2,41,E
248,BOOMIKA. A,Mathematics,MATH101,1,100,S
248,BOOMIKA. A,Python,PY102,1,35,E
248,BOOMIKA. A,Machine Learning,ML103,1,68,B
248,BOOMIKA. A,English,GP104,1,56,C
248,BOOMIKA. A,Database,CS105,1,97,S
249,DHARNIKA. B,Mathematics,MATH101,1,56,C
249,DHARNIKA. B,Python,PY102,1,31,F
249,DHARNIKA. B,Python,PY102,2,42,E
249,DHARNIKA. B,Machine Learning,ML103,1,98,S
249,DHARNIKA. B,English,GP104,1,67,B
249,DHARNIKA. B,Database,CS105,1,63,C
250,GAANAPATHY. S.P,Mathematics,MATH101,1,84,A
250,GAANAPATHY. S.P,Python,PY102,1,40,E
250,GAANAPATHY. S.P,Machine Learning,ML103,1,57,C
250,GAANAPATHY. S.P,English,GP104,1,95,S
250,GAANAPATHY. S.P,Database,CS105,1,42,E
251,GAAYATHRI. M,Mathematics,MATH101,1,83,A
251,GAAYATHRI. M,Python,PY102,1,54,D
251,GAAYATHRI. M,Machine Learning,ML103,1,97,S
251,GAAYATHRI. M,English,GP104,1,46,D
251,GAAYATHRI. M,Database,CS105,1,72,B
252,GAYATHRI. S,Mathematics,MATH101,1,91,S
252,GAYATHRI. S,Python,PY102,1,46,D
252,GAYATHRI. S,Machine Learning,ML103,1,51,D
252,GAYATHRI. S,English,GP104,1,63,C
252,GAYATHRI. S,Database,CS105,1,92,S
253,GHAYATRI. C,Mathematics,MATH101,1,62,C
253,GHAYATRI. C,Python,PY102,1,89,S
253,GHAYATRI. C,Machine Learning,ML103,1,59,C
253,GHAYATRI. C,English,GP104,1,33,F
253,GHAYATRI. C,English,GP104,2,40,E
253,GHAYATRI. C,Database,CS105,1,39,E
254,GOKULNATH. T,Mathematics,MATH101,1,73,B
254,GOKULNATH. T,Python,PY102,1,82,A
254,GOKULNATH. T,Machine Learning,ML103,1,54,D
254,GOKULNATH. T,English,GP104,1,32,F
254,GOKULNATH. T,English,GP104,2,38,E
254,GOKULNATH. T,Database,CS105,1,68,B
255,GOKULPRASATH. R,Mathematics,MATH101,1,55,C
255,GOKULPRASATH. R,Python,PY102,1,69,B
255,GOKULPRASATH. R,Machine Learning,ML103,1,75,A
255,GOKULPRASATH. R,English,GP104,1,85,S
255,GOKULPRASATH. R,Database,CS105,1,54,D
256,HARIGUPTHA. A,Mathematics,MATH101,1,58,C
256,HARIGUPTHA. A,Python,PY102,1,35,E
256,HARIGUPTHA. A,Machine Learning,ML103,1,53,D
256,HARIGUPTHA. A,English,GP104,1,85,S
256,HARIGUPTHA. A,Database,CS105,1,50,D
257,HARINI. S,Mathematics,MATH101,1,88,S
257,HARINI. S,Python,PY102,1,34,F
257,HARINI. S,Python,PY102,2,44,E
257,HARINI. S,Machine Learning,ML103,1,89,S
257,HARINI. S,English,GP104,1,83,A
257,HARINI. S,Database,CS105,1,68,B
258,HARISH. E,Mathematics,MATH101,1,34,F
258,HARISH. E,Mathematics,MATH101,2,46,D
258,HARISH. E,Python,PY102,1,71,B
258,HARISH. E,Machine Learning,ML103,1,43,E
258,HARISH. E,English,GP104,1,62,C
258,HARISH. E,Database,CS105,1,73,B
259,HARISH. S,Mathematics,MATH101,1,73,B
259,HARISH. S,Python,PY102,1,45,D
259,HARISH. S,Machine Learning,ML103,1,80,A
259,HARISH. S,English,GP104,1,98,S
259,HARISH. S,Database,CS105,1,65,B
260,JAYACHANDRAN. M.D,Mathematics,MATH101,1,31,F
260,JAYACHANDRAN. M.D,Mathematics,MATH101,2,38,E
260,JAYACHANDRAN. M.D,Python,PY102,1,95,S
260,JAYACHANDRAN. M.D,Machine Learning,ML103,1,57,C
260,JAYACHANDRAN. M.D,English,GP104,1,58,C
260,JAYACHANDRAN. M.D,Database,CS105,1,75,A
261,KALAIARASAN.K,Mathematics,MATH101,1,50,D
261,KALAIARASAN.K,Python,PY102,1,84,A
261,KALAIARASAN.K,Machine Learning,ML103,1,68,B
261,KALAIARASAN.K,English,GP104,1,64,C
261,KALAIARASAN.K,Database,CS105,1,52,D
262,KARTHIK. M,Mathematics,MATH101,1,33,F
262,KARTHIK. M,Mathematics,MATH101,2,47,D
262,KARTHIK. M,Python,PY102,1,59,C
262,KARTHIK. M,Machine Learning,ML103,1,57,C
262,KARTHIK. M,English,GP104,1,44,E
262,KARTHIK. M,Database,CS105,1,60,C
263,KEERTHIRAJ. C,Mathematics,MATH101,1,70,B
263,KEERTHIRAJ. C,Python,PY102,1,45,D
263,KEERTHIRAJ. C,Machine Learning,ML103,1,66,B
263,KEERTHIRAJ. C,English,GP104,1,71,B
263,KEERTHIRAJ. C,Database,CS105,1,56,C
264,KIRUBHA SHANKAR. S,Mathematics,MATH101,1,75,A
264,KIRUBHA SHANKAR. S,Python,PY102,1,69,B
264,KIRUBHA SHANKAR. S,Machine Learning,ML103,1,56,C
264,KIRUBHA SHANKAR. S,English,GP104,1,85,S
264,KIRUBHA SHANKAR. S,Database,CS105,1,35,E
265,LALITHKANTH. D,Mathematics,MATH101,1,31,F
265,LALITHKANTH. D,Mathematics,MATH101,2,46,D
265,LALITHKANTH. D,Python,PY102,1,60,C
265,LALITHKANTH. D,Machine Learning,ML103,1,77,A
265,LALITHKANTH. D,English,GP104,1,82,A
265,LALITHKANTH. D,Database,CS105,1,75,A
266,MADHAVAN. S,Mathematics,MATH101,1,42,E
266,MADHAVAN. S,Python,PY102,1,93,S
266,MADHAVAN. S,Machine Learning,ML103,1,86,S
266,MADHAVAN. S,English,GP104,1,94,S
266,MADHAVAN. S,Database,CS105,1,53,D
267,MOHAMED TAWFIQ SHEIK ABDUL KADER,Mathematics,MATH101,1,69,B
267,MOHAMED TAWFIQ SHEIK ABDUL KADER,Python,PY102,1,53,D
267,MOHAMED TAWFIQ SHEIK ABDUL KADER,Machine Learning,ML103,1,90,S
267,MOHAMED TAWFIQ SHEIK ABDUL KADER,English,GP104,1,37,E
267,MOHAMED TAWFIQ SHEIK ABDUL KADER,Database,CS105,1,56,C
268,MOHANAPRASANTH. S,Mathematics,MATH101,1,41,E
268,MOHANAPRASANTH. S,Python,PY102,1,47,D
268,MOHANAPRASANTH. S,Machine Learning,ML103,1,30,F
268,MOHANAPRASANTH. S,Machine Learning,ML103,2,41,E
268,MOHANAPRASANTH. S,English,GP104,1,50,D
268,MOHANAPRASANTH. S,Database,CS105,1,42,E
269,MOHITA. V,Mathematics,MATH101,1,45,D
269,MOHITA. V,Python,PY102,1,60,C
269,MOHITA. V,Machine Learning,ML103,1,72,B
269,MOHITA. V,English,GP104,1,82,A
269,MOHITA. V,Database,CS105,1,78,A
270,MUGILAN. V,Mathematics,MATH101,1,39,E
270,MUGILAN. V,Python,PY102,1,93,S
270,MUGILAN. V,Machine Learning,ML103,1,53,D
270,MUGILAN. V,English,GP104,1,86,S
270,MUGILAN. V,Database,CS105,1,93,S
271,NIVETHA. V,Mathematics,MATH101,1,64,C
271,NIVETHA. V,Python,PY102,1,45,D
271,NIVETHA. V,Machine Learning,ML103,1,72,B
271,NIVETHA. V,English,GP104,1,58,C
271,NIVETHA. V,Database,CS105,1,36,E
272,PARKKAVAN. I,Mathematics,MATH101,1,94,S
272,PARKKAVAN. I,Python,PY102,1,62,C
272,PARKKAVAN. I,Machine Learning,ML103,1,86,S
272,PARKKAVAN. I,English,GP104,1,97,S
272,PARKKAVAN. I,Database,CS105,1,75,A
273,RAAGAVARSHINI. B,Mathematics,MATH101,1,32,F
273,RAAGAVARSHINI. B,Mathematics,MATH101,2,38,E
273,RAAGAVARSHINI. B,Python,PY102,1,88,S
273,RAAGAVARSHINI. B,Machine Learning,ML103,1,49,D
273,RAAGAVARSHINI. B,English,GP104,1,72,B
273,RAAGAVARSHINI. B,Database,CS105,1,75,A
274,RAGUL. S,Mathematics,MATH101,1,83,A
274,RAGUL. S,Python,PY102,1,39,E
274,RAGUL. S,Machine Learning,ML103,1,53,D
274,RAGUL. S,English,GP104,1,46,D
274,RAGUL. S,Database,CS105,1,75,A
275,RAHUL GANDHI. A.M,Mathematics,MATH101,1,50,D
275,RAHUL GANDHI. A.M,Python,PY102,1,92,S
275,RAHUL GANDHI. A.M,Machine Learning,ML103,1,68,B
275,RAHUL GANDHI. A.M,English,GP104,1,89,S
275,RAHUL GANDHI. A.M,Database,CS105,1,100,S
276,SANTHANABHARATHI. S,Mathematics,MATH101,1,56,C
276,SANTHANABHARATHI. S,Python,PY102,1,70,B
276,SANTHANABHARATHI. S,Machine Learning,ML103,1,95,S
276,SANTHANABHARATHI. S,English,GP104,1,40,E
276,SANTHANABHARATHI. S,Database,CS105,1,62,C
277,SANTOSH. T,Mathematics,MATH101,1,37,E
277,SANTOSH. T,Python,PY102,1,68,B
277,SANTOSH. T,Machine Learning,ML103,1,69,B
277,SANTOSH. T,English,GP104,1,38,E
277,SANTOSH. T,Database,CS105,1,62,C
278,SARANYA. M,Mathematics,MATH101,1,63,C
278,SARANYA. M,Python,PY102,1,89,S
278,SARANYA. M,Machine Learning,ML103,1,95,S
278,SARANYA. M,English,GP104,1,55,C
278,SARANYA. M,Database,CS105,1,53,D
279,SHEIK AHAMED. S.D,Mathematics,MATH101,1,63,C
279,SHEIK AHAMED. S.D,Python,PY102,1,50,D
279,SHEIK AHAMED. S.D,Machine Learning,ML103,1,41,E
279,SHEIK AHAMED. S.D,English,GP104,1,83,A
279,SHEIK AHAMED. S.D,Database,CS105,1,90,S
280,SHREYA. S,Mathematics,MATH101,1,53,D
280,SHREYA. S,Python,PY102,1,50,D
280,SHREYA. S,Machine Learning,ML103,1,47,D
280,SHREYA. S,English,GP104,1,60,C
280,SHREYA. S,Database,CS105,1,47,D
281,SRIHARISH. S,Mathematics,MATH101,1,30,F
281,SRIHARISH. S,Mathematics,MATH101,2,40,E
281,SRIHARISH. S,Python,PY102,1,93,S
281,SRIHARISH. S,Machine Learning,ML103,1,31,F
281,SRIHARISH. S,Machine Learning,ML103,2,40,E
281,SRIHARISH. S,English,GP104,1,84,A
281,SRIHARISH. S,Database,CS105,1,98,S
282,SWATHY. V,Mathematics,MATH101,1,32,F
282,SWATHY. V,Mathematics,MATH101,2,44,E
282,SWATHY. V,Python,PY102,1,43,E
282,SWATHY. V,Machine Learning,ML103,1,39,E
282,SWATHY. V,English,GP104,1,35,E
282,SWATHY. V,Database,CS105,1,76,A
283,SWETHA. M,Mathematics,MATH101,1,60,C
283,SWETHA. M,Python,PY102,1,71,B
283,SWETHA. M,Machine Learning,ML103,1,92,S
283,SWETHA. M,English,GP104,1,98,S
283,SWETHA. M,Database,CS105,1,77,A
284,THRISHA. S,Mathematics,MATH101,1,53,D
284,THRISHA. S,Python,PY102,1,42,E
284,THRISHA. S,Machine Learning,ML103,1,80,A
284,THRISHA. S,English,GP104,1,49,D
284,THRISHA. S,Database,CS105,1,69,B
285,VAITHIYANATHAN. S,Mathematics,MATH101,1,77,A
285,VAITHIYANATHAN. S,Python,PY102,1,58,C
285,VAITHIYANATHAN. S,Machine Learning,ML103,1,85,S
285,VAITHIYANATHAN. S,English,GP104,1,90,S
285,VAITHIYANATHAN. S,Database,CS105,1,61,C
286,VALAROLI. P,Mathematics,MATH101,1,72,B
286,VALAROLI. P,Python,PY102,1,89,S
286,VALAROLI. P,Machine Learning,ML103,1,36,E
286,VALAROLI. P,English,GP104,1,70,B
286,VALAROLI. P,Database,CS105,1,96,S
287,VARSHINI. S,Mathematics,MATH101,1,35,E
287,VARSHINI. S,Python,PY102,1,85,S
287,VARSHINI. S,Machine Learning,ML103,1,53,D
287,VARSHINI. S,English,GP104,1,83,A
287,VARSHINI. S,Database,CS105,1,35,E
288,VASAN. C,Mathematics,MATH101,1,95,S
288,VASAN. C,Python,PY102,1,78,A
288,VASAN. C,Machine Learning,ML103,1,100,S
288,VASAN. C,English,GP104,1,47,D
288,VASAN. C,Database,CS105,1,41,E
289,GEDDAM SRI RAM,Mathematics,MATH101,1,77,A
289,GEDDAM SRI RAM,Python,PY102,1,32,F
289,GEDDAM SRI RAM,Python,PY102,2,41,E
289,GEDDAM SRI RAM,Machine Learning,ML103,1,41,E
289,GEDDAM SRI RAM,English,GP104,1,97,S
289,GEDDAM SRI RAM,Database,CS105,1,45,D
290,NARAYANAMURTHY P.S,Mathematics,MATH101,1,87,S
290,NARAYANAMURTHY P.S,Python,PY102,1,45,D
290,NARAYANAMURTHY P.S,Machine Learning,ML103,1,52,D
290,NARAYANAMURTHY P.S,English,GP104,1,77,A
290,NARAYANAMURTHY P.S,Database,CS105,1,50,D
291,SANTHANA GOPALAN G,Mathematics,MATH101,1,57,C
291,SANTHANA GOPALAN G,Python,PY102,1,79,A
291,SANTHANA GOPALAN G,Machine Learning,ML103,1,58,C
291,SANTHANA GOPALAN G,English,GP104,1,96,S
291,SANTHANA GOPALAN G,Database,CS105,1,92,S
292,ABBHISHEK BEHERA,Mathematics,MATH101,1,70,B
292,ABBHISHEK BEHERA,Python,PY102,1,77,A
292,ABBHISHEK BEHERA,Machine Learning,ML103,1,78,A
292,ABBHISHEK BEHERA,English,GP104,1,57,C
292,ABBHISHEK BEHERA,Database,CS105,1,30,F
292,ABBHISHEK BEHERA,Database,CS105,2,39,E
293,ABDUL KALAM J,Mathematics,MATH101,1,80,A
293,ABDUL KALAM J,Python,PY102,1,50,D
293,ABDUL KALAM J,Machine Learning,ML103,1,31,F
293,ABDUL KALAM J,Machine Learning,ML103,2,42,E
293,ABDUL KALAM J,English,GP104,1,47,D
293,ABDUL KALAM J,Database,CS105,1,59,C
294,ABIESWAR T,Mathematics,MATH101,1,35,E
294,ABIESWAR T,Python,PY102,1,59,C
294,ABIESWAR T,Machine Learning,ML103,1,33,F
294,ABIESWAR T,Machine Learning,ML103,2,41,E
294,ABIESWAR T,English,GP104,1,33,F
294,ABIESWAR T,English,GP104,2,48,D
294,ABIESWAR T,Database,CS105,1,63,C
295,AISVAMALAR A,Mathematics,MATH101,1,68,B
295,AISVAMALAR A,Python,PY102,1,88,S
295,AISVAMALAR A,Machine Learning,ML103,1,81,A
295,AISVAMALAR A,English,GP104,1,33,F
295,AISVAMALAR A,English,GP104,2,41,E
295,AISVAMALAR A,Database,CS105,1,34,F
295,AISVAMALAR A,Database,CS105,2,39,E
296,AKHILESH B,Mathematics,MATH101,1,31,F
296,AKHILESH B,Mathematics,MATH101,2,43,E
296,AKHILESH B,Python,PY102,1,58,C
296,AKHILESH B,Machine Learning,ML103,1,81,A
296,AKHILESH B,English,GP104,1,67,B
296,AKHILESH B,Database,CS105,1,61,C
297,AL RAAFHATH R K,Mathematics,MATH101,1,93,S
297,AL RAAFHATH R K,Python,PY102,1,91,S
297,AL RAAFHATH R K,Machine Learning,ML103,1,83,A
297,AL RAAFHATH R K,English,GP104,1,80,A
297,AL RAAFHATH R K,Database,CS105,1,91,S
298,ARUN SRINIVAS A,Mathematics,MATH101,1,79,A
298,ARUN SRINIVAS A,Python,PY102,1,96,S
298,ARUN SRINIVAS A,Machine Learning,ML103,1,63,C
298,ARUN SRINIVAS A,English,GP104,1,41,E
298,ARUN SRINIVAS A,Database,CS105,1,96,S
299,ASWITHA@SWETHA,Mathematics,MATH101,1,57,C
299,ASWITHA@SWETHA,Python,PY102,1,75,A
299,ASWITHA@SWETHA,Machine Learning,ML103,1,44,E
299,ASWITHA@SWETHA,English,GP104,1,37,E
299,ASWITHA@SWETHA,Database,CS105,1,35,E
300,BHARANIDHARAN T,Mathematics,MATH101,1,50,D
300,BHARANIDHARAN T,Python,PY102,1,71,B
300,BHARANIDHARAN T,Machine Learning,ML103,1,46,D
300,BHARANIDHARAN T,English,GP104,1,55,C
300,BHARANIDHARAN T,Database,CS105,1,75,A
301,DEVISRI I,Mathematics,MATH101,1,64,C
301,DEVISRI I,Python,PY102,1,63,C
301,DEVISRI I,Machine Learning,ML103,1,57,C
301,DEVISRI I,English,GP104,1,57,C
301,DEVISRI I,Database,CS105,1,64,C
302,DHAKSHACHARAN,Mathematics,MATH101,1,90,S
302,DHAKSHACHARAN,Python,PY102,1,37,E
302,DHAKSHACHARAN,Machine Learning,ML103,1,62,C
302,DHAKSHACHARAN,English,GP104,1,56,C
302,DHAKSHACHARAN,Database,CS105,1,31,F
302,DHAKSHACHARAN,Database,CS105,2,45,D
303,DIVYANAND M,Mathematics,MATH101,1,94,S
303,DIVYANAND M,Python,PY102,1,47,D
303,DIVYANAND M,Machine Learning,ML103,1,86,S
303,DIVYANAND M,English,GP104,1,83,A
303,DIVYANAND M,Database,CS105,1,47,D
304,GANESH DEEPAK N,Mathematics,MATH101,1,74,B
304,GANESH DEEPAK N,Python,PY102,1,64,C
304,GANESH DEEPAK N,Machine Learning,ML103,1,90,S
304,GANESH DEEPAK N,English,GP104,1,56,C
304,GANESH DEEPAK N,Database,CS105,1,78,A
305,GOMADHIEESHWARI V,Mathematics,MATH101,1,49,D
305,GOMADHIEESHWARI V,Python,PY102,1,89,S
305,GOMADHIEESHWARI V,Machine Learning,ML103,1,97,S
305,GOMADHIEESHWARI V,English,GP104,1,53,D
305,GOMADHIEESHWARI V,Database,CS105,1,60,C
306,GURALARASAN G,Mathematics,MATH101,1,44,E
306,GURALARASAN G,Python,PY102,1,58,C
306,GURALARASAN G,Machine Learning,ML103,1,56,C
306,GURALARASAN G,English,GP104,1,32,F
306,GURALARASAN G,English,GP104,2,41,E
306,GURALARASAN G,Database,CS105,1,78,A
307,HARINI A,Mathematics,MATH101,1,91,S
307,HARINI A,Python,PY102,1,61,C
307,HARINI A,Machine Learning,ML103,1,61,C
307,HARINI A,English,GP104,1,77,A
307,HARINI A,Database,CS105,1,61,C
308,HARINI P,Mathematics,MATH101,1,57,C
308,HARINI P,Python,PY102,1,90,S
308,HARINI P,Machine Learning,ML103,1,94,S
308,HARINI P,English,GP104,1,34,F
308,HARINI P,English,GP104,2,41,E
308,HARINI P,Database,CS105,1,37,E
309,HEMAJOTHI S,Mathematics,MATH101,1,86,S
309,HEMAJOTHI S,Python,PY102,1,87,S
309,HEMAJOTHI S,Machine Learning,ML103,1,100,S
309,HEMAJOTHI S,English,GP104,1,76,A
309,HEMAJOTHI S,Database,CS105,1,86,S
310,JAIDHAR,Mathematics,MATH101,1,77,A
310,JAIDHAR,Python,PY102,1,65,B
310,JAIDHAR,Machine Learning,ML103,1,54,D
310,JAIDHAR,English,GP104,1,82,A
310,JAIDHAR,Database,CS105,1,49,D
311,JANANI N,Mathematics,MATH101,1,85,S
311,JANANI N,Python,PY102,1,99,S
311,JANANI N,Machine Learning,ML103,1,59,C
311,JANANI N,English,GP104,1,86,S
311,JANANI N,Database,CS105,1,60,C
312,JASEEM,Mathematics,MATH101,1,44,E
312,JASEEM,Python,PY102,1,47,D
312,JASEEM,Machine Learning,ML103,1,95,S
312,JASEEM,English,GP104,1,72,B
312,JASEEM,Database,CS105,1,47,D
313,KANIMOZHI S,Mathematics,MATH101,1,75,A
313,KANIMOZHI S,Python,PY102,1,37,E
313,KANIMOZHI S,Machine Learning,ML103,1,61,C
313,KANIMOZHI S,English,GP104,1,42,E
313,KANIMOZHI S,Database,CS105,1,80,A
314,KARTHIK M,Mathematics,MATH101,1,55,C
314,KARTHIK M,Python,PY102,1,32,F
314,KARTHIK M,Python,PY102,2,44,E
314,KARTHIK M,Machine Learning,ML103,1,72,B
314,KARTHIK M,English,GP104,1,48,D
314,KARTHIK M,Database,CS105,1,59,C
315,KARTHIKEYAN V,Mathematics,MATH101,1,100,S
315,KARTHIKEYAN V,Python,PY102,1,45,D
315,KARTHIKEYAN V,Machine Learning,ML103,1,97,S
315,KARTHIKEYAN V,English,GP104,1,41,E
315,KARTHIKEYAN V,Database,CS105,1,58,C
316,KAVITHA S,Mathematics,MATH101,1,65,B
316,KAVITHA S,Python,PY102,1,51,D
316,KAVITHA S,Machine Learning,ML103,1,81,A
316,KAVITHA S,English,GP104,1,58,C
316,KAVITHA S,Database,CS105,1,37,E
317,KAVIYAA P S,Mathematics,MATH101,1,40,E
317,KAVIYAA P S,Python,PY102,1,90,S
317,KAVIYAA P S,Machine Learning,ML103,1,47,D
317,KAVIYAA P S,English,GP104,1,50,D
317,KAVIYAA P S,Database,CS105,1,54,D
318,LOGAPRIYA B,Mathematics,MATH101,1,44,E
318,LOGAPRIYA B,Python,PY102,1,56,C
318,LOGAPRIYA B,Machine Learning,ML103,1,94,S
318,LOGAPRIYA B,English,GP104,1,74,B
318,LOGAPRIYA B,Database,CS105,1,62,C
319,LOKESHWAR R,Mathematics,MATH101,1,76,A
319,LOKESHWAR R,Python,PY102,1,89,S
319,LOKESHWAR R,Machine Learning,ML103,1,57,C
319,LOKESHWAR R,English,GP104,1,56,C
319,LOKESHWAR R,Database,CS105,1,77,A
320,LOKITHA K,Mathematics,MATH101,1,81,A
320,LOKITHA K,Python,PY102,1,55,C
320,LOKITHA K,Machine Learning,ML103,1,46,D
320,LOKITHA K,English,GP104,1,78,A
320,LOKITHA K,Database,CS105,1,78,A
321,MAHESH R,Mathematics,MATH101,1,41,E
321,MAHESH R,Python,PY102,1,55,C
321,MAHESH R,Machine Learning,ML103,1,75,A
321,MAHESH R,English,GP104,1,60,C
321,MAHESH R,Database,CS105,1,72,B
322,MANOJKUMAR P,Mathematics,MATH101,1,83,A
322,MANOJKUMAR P,Python,PY102,1,67,B
322,MANOJKUMAR P,Machine Learning,ML103,1,90,S
322,MANOJKUMAR P,English,GP104,1,91,S
322,MANOJKUMAR P,Database,CS105,1,46,D
323,MITHUN K,Mathematics,MATH101,1,87,S
323,MITHUN K,Python,PY102,1,100,S
323,MITHUN K,Machine Learning,ML103,1,72,B
323,MITHUN K,English,GP104,1,57,C
323,MITHUN K,Database,CS105,1,68,B
324,MOHAMMED NAFEEZ S,Mathematics,MATH101,1,99,S
324,MOHAMMED NAFEEZ S,Python,PY102,1,53,D
324,MOHAMMED NAFEEZ S,Machine Learning,ML103,1,97,S
324,MOHAMMED NAFEEZ S,English,GP104,1,35,E
324,MOHAMMED NAFEEZ S,Database,CS105,1,42,E
325,NARMADHA D,Mathematics,MATH101,1,81,A
325,NARMADHA D,Python,PY102,1,73,B
325,NARMADHA D,Machine Learning,ML103,1,53,D
325,NARMADHA D,English,GP104,1,49,D
325,NARMADHA D,Database,CS105,1,94,S
326,NAVANEETHAKRISHNAN J,Mathematics,MATH101,1,73,B
326,NAVANEETHAKRISHNAN J,Python,PY102,1,92,S
326,NAVANEETHAKRISHNAN J,Machine Learning,ML103,1,74,B
326,NAVANEETHAKRISHNAN J,English,GP104,1,35,E
326,NAVANEETHAKRISHNAN J,Database,CS105,1,86,S
327,NAVEEN KUMAR S,Mathematics,MATH101,1,76,A
327,NAVEEN KUMAR S,Python,PY102,1,76,A
327,NAVEEN KUMAR S,Machine Learning,ML103,1,60,C
327,NAVEEN KUMAR S,English,GP104,1,83,A
327,NAVEEN KUMAR S,Database,CS105,1,62,C
328,NITHISH M,Mathematics,MATH101,1,63,C
328,NITHISH M,Python,PY102,1,91,S
328,NITHISH M,Machine Learning,ML103,1,68,B
328,NITHISH M,English,GP104,1,98,S
328,NITHISH M,Database,CS105,1,87,S
329,NITYASRI R S,Mathematics,MATH101,1,44,E
329,NITYASRI R S,Python,PY102,1,37,E
329,NITYASRI R S,Machine Learning,ML103,1,41,E
329,NITYASRI R S,English,GP104,1,96,S
329,NITYASRI R S,Database,CS105,1,46,D
330,PRABHANJAN J,Mathematics,MATH101,1,95,S
330,PRABHANJAN J,Python,PY102,1,96,S
330,PRABHANJAN J,Machine Learning,ML103,1,61,C
330,PRABHANJAN J,English,GP104,1,57,C
330,PRABHANJAN J,Database,CS105,1,70,B
331,PRADEEPRAJ L,Mathematics,MATH101,1,63,C
331,PRADEEPRAJ L,Python,PY102,1,65,B
331,PRADEEPRAJ L,Machine Learning,ML103,1,67,B
331,PRADEEPRAJ L,English,GP104,1,63,C
331,PRADEEPRAJ L,Database,CS105,1,86,S
332,PRAVEEN KUMARAN P,Mathematics,MATH101,1,44,E
332,PRAVEEN KUMARAN P,Python,PY102,1,30,F
332,PRAVEEN KUMARAN P,Python,PY102,2,44,E
332,PRAVEEN KUMARAN P,Machine Learning,ML103,1,75,A
332,PRAVEEN KUMARAN P,English,GP104,1,43,E
332,PRAVEEN KUMARAN P,Database,CS105,1,64,C
333,PRIYADHARSHINI K,Mathematics,MATH101,1,84,A
333,PRIYADHARSHINI K,Python,PY102,1,31,F
333,PRIYADHARSHINI K,Python,PY102,2,41,E
333,PRIYADHARSHINI K,Machine Learning,ML103,1,78,A
333,PRIYADHARSHINI K,English,GP104,1,72,B
333,PRIYADHARSHINI K,Database,CS105,1,79,A
334,RAGUL T,Mathematics,MATH101,1,57,C
334,RAGUL T,Python,PY102,1,89,S
334,RAGUL T,Machine Learning,ML103,1,99,S
334,RAGUL T,English,GP104,1,68,B
334,RAGUL T,Database,CS105,1,54,D
335,RATHNA PRASAD D,Mathematics,MATH101,1,72,B
335,RATHNA PRASAD D,Python,PY102,1,46,D
335,RATHNA PRASAD D,Machine Learning,ML103,1,60,C
335,RATHNA PRASAD D,English,GP104,1,95,S
335,RATHNA PRASAD D,Database,CS105,1,66,B
336,RAYYAN,Mathematics,MATH101,1,32,F
336,RAYYAN,Mathematics,MATH101,2,42,E
336,RAYYAN,Python,PY102,1,95,S
336,RAYYAN,Machine Learning,ML103,1,94,S
336,RAYYAN,English,GP104,1,66,B
336,RAYYAN,Database,CS105,1,58,C
337,RINDHIYA A,Mathematics,MATH101,1,65,B
337,RINDHIYA A,Python,PY102,1,91,S
337,RINDHIYA A,Machine Learning,ML103,1,68,B
337,RINDHIYA A,English,GP104,1,87,S
337,RINDHIYA A,Database,CS105,1,78,A
338,ROHAN KUMAR K V,Mathematics,MATH101,1,93,S
338,ROHAN KUMAR K V,Python,PY102,1,48,D
338,ROHAN KUMAR K V,Machine Learning,ML103,1,60,C
338,ROHAN KUMAR K V,English,GP104,1,43,E
338,ROHAN KUMAR K V,Database,CS105,1,38,E
339,SANJEEV KUMAR J,Mathematics,MATH101,1,41,E
339,SANJEEV KUMAR J,Python,PY102,1,59,C
339,SANJEEV KUMAR J,Machine Learning,ML103,1,54,D
339,SANJEEV KUMAR J,English,GP104,1,76,A
339,SANJEEV KUMAR J,Database,CS105,1,50,D
340,SHIVAANI VAITHIYANATHAN GANESH,Mathematics,MATH101,1,31,F
340,SHIVAANI VAITHIYANATHAN GANESH,Mathematics,MATH101,2,39,E
340,SHIVAANI VAITHIYANATHAN GANESH,Python,PY102,1,68,B
340,SHIVAANI VAITHIYANATHAN GANESH,Machine Learning,ML103,1,83,A
340,SHIVAANI VAITHIYANATHAN GANESH,English,GP104,1,66,B
340,SHIVAANI VAITHIYANATHAN GANESH,Database,CS105,1,67,B
341,SIDDARTH S,Mathematics,MATH101,1,36,E
341,SIDDARTH S,Python,PY102,1,51,D
341,SIDDARTH S,Machine Learning,ML103,1,53,D
341,SIDDARTH S,English,GP104,1,68,B
341,SIDDARTH S,Database,CS105,1,30,F
341,SIDDARTH S,Database,CS105,2,42,E
342,SUBITSHA S,Mathematics,MATH101,1,30,F
342,SUBITSHA S,Mathematics,MATH101,2,44,E
342,SUBITSHA S,Python,PY102,1,30,F
342,SUBITSHA S,Python,PY102,2,36,E
342,SUBITSHA S,Machine Learning,ML103,1,54,D
342,SUBITSHA S,English,GP104,1,89,S
342,SUBITSHA S,Database,CS105,1,31,F
342,SUBITSHA S,Database,CS105,2,42,E
343,THANUSH,Mathematics,MATH101,1,57,C
343,THANUSH,Python,PY102,1,71,B
343,THANUSH,Machine Learning,ML103,1,60,C
343,THANUSH,English,GP104,1,66,B
343,THANUSH,Database,CS105,1,61,C
344,THARANIYA,Mathematics,MATH101,1,83,A
344,THARANIYA,Python,PY102,1,44,E
344,THARANIYA,Machine Learning,ML103,1,38,E
344,THARANIYA,English,GP104,1,35,E
344,THARANIYA,Database,CS105,1,72,B
345,VIDHESH D,Mathematics,MATH101,1,36,E
345,VIDHESH D,Python,PY102,1,84,A
345,VIDHESH D,Machine Learning,ML103,1,39,E
345,VIDHESH D,English,GP104,1,36,E
345,VIDHESH D,Database,CS105,1,58,C
346,VISHAL S,Mathematics,MATH101,1,57,C
346,VISHAL S,Python,PY102,1,50,D
346,VISHAL S,Machine Learning,ML103,1,30,F
346,VISHAL S,Machine Learning,ML103,2,44,E
346,VISHAL S,English,GP104,1,71,B
346,VISHAL S,Database,CS105,1,54,D
347,VIGNESH VIJAYARAJ S,Mathematics,MATH101,1,78,A
347,VIGNESH VIJAYARAJ S,Python,PY102,1,94,S
347,VIGNESH VIJAYARAJ S,Machine Learning,ML103,1,70,B
347,VIGNESH VIJAYARAJ S,English,GP104,1,90,S
347,VIGNESH VIJAYARAJ S,Database,CS105,1,80,A
348,VISHNU LAKSHMI,Mathematics,MATH101,1,71,B
348,VISHNU LAKSHMI,Python,PY102,1,77,A
348,VISHNU LAKSHMI,Machine Learning,ML103,1,87,S
348,VISHNU LAKSHMI,English,GP104,1,46,D
348,VISHNU LAKSHMI,Database,CS105,1,82,A
349,VISHNU PRASATH P G,Mathematics,MATH101,1,69,B
349,VISHNU PRASATH P G,Python,PY102,1,95,S
349,VISHNU PRASATH P G,Machine Learning,ML103,1,88,S
349,VISHNU PRASATH P G,English,GP104,1,41,E
349,VISHNU PRASATH P G,Database,CS105,1,94,S
350,VISHWA P,Mathematics,MATH101,1,66,B
350,VISHWA P,Python,PY102,1,35,E
350,VISHWA P,Machine Learning,ML103,1,96,S
350,VISHWA P,English,GP104,1,72,B
350,VISHWA P,Database,CS105,1,77,A
351,YADURAJ,Mathematics,MATH101,1,68,B
351,YADURAJ,Python,PY102,1,46,D
351,YADURAJ,Machine Learning,ML103,1,68,B
351,YADURAJ,English,GP104,1,84,A
351,YADURAJ,Database,CS105,1,62,C
